TagID;Date;Time;accX;accY;accZ;gyroX;gyroY;gyroZ;compX;compY;compZ;Activity;Depth;Temp. (?C);Metadata
04_S4;04/05/2023;16:59:14;-6501;-73;-6558;87509;-317001;-25177;-8757;-560462;-253959;Active;8.46589E+14;-36868;
04_S4;04/05/2023;16:59:14;-7632;-237;-5964;212555;-656509;65994;11676;-537109;-221849;;;;
04_S4;04/05/2023;16:59:14;-8596;-107;-4802;125656;-720291;158691;13136;-515216;-164928;;;;
04_S4;04/05/2023;16:59:14;-8923;-42;-3784;-11826;-594177;56000;-5838;-504999;-122601;;;;
04_S4;04/05/2023;16:59:14;-8989;-127;-3464;-42343;-550613;42648;-5838;-504999;-122601;;;;
04_S4;04/05/2023;16:59:14;-9055;-212;-3142;-72861;-507050;29297;-5838;-504999;-122601;;;;
04_S4;04/05/2023;16:59:15;-9670;127;-2385;-17090;-492554;54550;-11676;-484566;-84653;;;;
04_S4;04/05/2023;16:59:15;-9731;46;-979;23575;-512085;8087;-1460;-486025;-56922;;;;
04_S4;04/05/2023;16:59:15;-9753;-110;-469;-27008;-431366;-22507;2919;-484566;-5838;;;;
04_S4;04/05/2023;16:59:15;-9841;-103;5;-11902;-259552;-16327;-5838;-490404;14595;;;;
04_S4;04/05/2023;16:59:15;-9993;54;659;-2670;-187225;-56152;-5838;-490404;14595;Inactive;0;202;
04_S4;04/05/2023;16:59:15;-9600;-591;698;-70190;-170593;-114288;10217;-483106;33569;;;;
04_S4;04/05/2023;16:59:15;-9839;-378;1340;-43793;-297241;-6180;5838;-484566;49624;;;;
04_S4;04/05/2023;16:59:15;-9600;-452;2239;-36011;-326004;-3815;18974;-494783;86113;;;;
04_S4;04/05/2023;16:59:15;-9744;-430;2490;-19531;-41580;-9460;17514;-490404;87572;;;;
04_S4;04/05/2023;16:59:16;-9636;-762;2405;-10147;-100174;37766;17514;-490404;87572;;;;
04_S4;04/05/2023;16:59:16;-9578;-391;2617;54932;-141830;111847;4379;-500621;100708;;;;
04_S4;04/05/2023;16:59:16;-9597;115;2832;21744;-131073;74005;-7298;-497702;100708;;;;
04_S4;04/05/2023;16:59:16;-9336;259;2993;14954;-121613;20142;-1460;-509378;112384;;;;
04_S4;04/05/2023;16:59:16;-9451;-144;3196;54169;-157089;-15640;-11676;-516676;119682;;;;
04_S4;04/05/2023;16:59:16;-9382;-168;3884;-3662;-155411;1373;-11676;-516676;119682;Inactive;0;2021;
04_S4;04/05/2023;16:59:16;-9348;-81;4058;-10681;-83771;24109;1460;-523973;129899;;;;
04_S4;04/05/2023;16:59:16;-9146;39;3760;55008;-57831;24185;-1460;-532731;150332;;;;
04_S4;04/05/2023;16:59:16;-9246;-88;4302;20523;-98648;17471;-5838;-513757;160549;;;;
04_S4;04/05/2023;16:59:16;-9033;317;4314;2670;-75226;45624;-13136;-538569;156170;;;;
04_S4;04/05/2023;16:59:16;-8894;308;4453;-6027;-88577;20676;-13136;-538569;156170;;;;
04_S4;04/05/2023;16:59:17;-8843;215;4880;154419;-152054;1602;0;-528352;169306;;;;
04_S4;04/05/2023;16:59:17;-8730;361;5100;265274;-166626;-9766;-26272;-540028;160549;;;;
04_S4;04/05/2023;16:59:17;-8696;640;5112;12436;-178604;36469;-26272;-548786;172225;;;;
04_S4;04/05/2023;16:59:17;-8296;557;5864;-160751;-220184;53558;-26272;-548786;172225;;;;
04_S4;04/05/2023;16:59:17;-8008;400;6147;-102615;-231628;24490;-13136;-561921;199956;Inactive;0;2022;
04_S4;04/05/2023;16:59:17;-7808;386;6394;13351;-265121;-25406;-23353;-566300;210173;;;;
04_S4;04/05/2023;16:59:17;-7451;369;6882;29297;-299835;-42572;-14595;-589653;227688;;;;
04_S4;04/05/2023;16:59:17;-7041;352;7424;20599;-344849;-23499;-8757;-604248;248121;;;;
04_S4;04/05/2023;16:59:17;-6560;498;7795;61188;-359955;51880;-8757;-604248;248121;;;;
04_S4;04/05/2023;16:59:17;-5830;625;8013;-56915;-490265;70648;-24812;-626141;267095;;;;
04_S4;04/05/2023;16:59:18;-4436;151;9375;-223770;-911026;43030;-7298;-687441;296286;;;;
04_S4;04/05/2023;16:59:18;-3826;161;9558;-46310;-446625;3662;-1460;-728308;316719;;;;
04_S4;04/05/2023;16:59:18;-3088;237;9795;-26703;-398712;77057;-18974;-760418;325477;;;;
04_S4;04/05/2023;16:59:18;-2446;29;10103;-78354;-482559;-53558;-18974;-760418;325477;;;;
04_S4;04/05/2023;16:59:18;-713;-181;10381;-34180;-394974;-6027;5838;-823178;332774;Inactive;0;202;
04_S4;04/05/2023;16:59:18;-215;-342;10422;-69733;-449753;-11292;11676;-849450;341531;;;;
04_S4;04/05/2023;16:59:18;1223;-735;10376;-254745;-740967;167923;24812;-906372;354667;;;;
04_S4;04/05/2023;16:59:18;2600;-713;10068;-13504;-703964;81863;24812;-906372;354667;;;;
04_S4;04/05/2023;16:59:18;3750;-776;9744;2213;-743179;31052;29191;-974970;318179;;;;
04_S4;04/05/2023;16:59:19;4653;-627;9194;36392;-593185;-42801;11676;-1018756;291907;;;;
04_S4;04/05/2023;16:59:19;5615;-476;8721;20370;-663986;-139389;17514;-1065461;271474;;;;
04_S4;04/05/2023;16:59:19;6719;-293;7773;78354;-678406;-74692;8757;-1094652;224769;;;;
04_S4;04/05/2023;16:59:19;7935;-254;6943;80338;-824890;104065;8757;-1094652;224769;;;;
04_S4;04/05/2023;16:59:19;8403;-339;6130;25406;-539856;84076;10217;-1139898;162008;;;;
04_S4;04/05/2023;16:59:19;8569;-410;5559;3967;-378036;-17853;2919;-1141357;143035;Inactive;0;2023;
04_S4;04/05/2023;16:59:19;9021;-176;4751;42877;-431519;-70343;2919;-1161791;99248;;;;
04_S4;04/05/2023;16:59:19;9368;-71;4048;14038;-458450;-77591;1460;-1163250;68598;;;;
04_S4;04/05/2023;16:59:19;9497;-2;3582;18768;-286331;2594;1460;-1163250;68598;;;;
04_S4;04/05/2023;16:59:19;9719;56;3093;-32578;-247955;23727;-5838;-1185143;32110;;;;
04_S4;04/05/2023;16:59:19;9727;-115;2617;-63705;-248718;28687;-7298;-1183684;30650;;;;
04_S4;04/05/2023;16:59:20;9895;-222;1975;-28305;-223694;5951;-1460;-1180765;-1460;;;;
04_S4;04/05/2023;16:59:20;9988;71;1931;13580;-176697;-26398;-2919;-1179305;-8757;;;;
04_S4;04/05/2023;16:59:20;9902;-37;1587;12283;-152206;5569;-2919;-1179305;-8757;;;;
04_S4;04/05/2023;16:59:20;10024;129;1309;-24490;-157547;-17471;-11676;-1176386;-35029;;;;
04_S4;04/05/2023;16:59:20;10083;68;1042;-5264;-146179;18539;-11676;-1176386;-29191;Inactive;0;2026;
04_S4;04/05/2023;16:59:20;10054;-17;757;37766;-150146;50049;-10217;-1174926;-51084;;;;
04_S4;04/05/2023;16:59:20;10078;-61;427;-46539;-128098;11826;-10217;-1174926;-51084;;;;
04_S4;04/05/2023;16:59:20;9995;-76;215;66910;-214310;-40207;0;-1179305;-52543;;;;
04_S4;04/05/2023;16:59:20;10186;27;-579;31052;-248413;-46921;-5838;-1173467;-87572;;;;
04_S4;04/05/2023;16:59:20;10107;166;-737;-92926;-215149;-50964;-17514;-1170548;-113844;;;;
04_S4;04/05/2023;16:59:21;10007;315;-1130;-71182;-155106;-31662;-26272;-1164710;-110925;;;;
04_S4;04/05/2023;16:59:21;9780;496;-1733;-59204;-212479;-32578;-26272;-1164710;-110925;;;;
04_S4;04/05/2023;16:59:21;9666;574;-1956;-135880;-269852;-11902;-7298;-1151574;-126980;;;;
04_S4;04/05/2023;16:59:21;9563;464;-2427;-143204;-334396;49438;-23353;-1138438;-143035;;;;
04_S4;04/05/2023;16:59:21;9587;366;-2910;-82169;-271912;39139;-11676;-1138438;-183902;Inactive;0;2022;
04_S4;04/05/2023;16:59:21;9468;452;-3384;-4959;-159454;-7324;-17514;-1144276;-178063;;;;
04_S4;04/05/2023;16:59:21;9490;562;-4070;-56610;-160599;-17929;-17514;-1144276;-178063;;;;
04_S4;04/05/2023;16:59:21;9023;730;-3992;-96893;-150375;687;-24812;-1119464;-199956;;;;
04_S4;04/05/2023;16:59:21;8960;706;-4578;-151520;-291290;458;-17514;-1109247;-198497;;;;
04_S4;04/05/2023;16:59:22;8635;981;-4973;-182571;-448380;-56076;-39407;-1093192;-208714;;;;
04_S4;04/05/2023;16:59:22;8135;1165;-5591;-66986;-410538;-63629;-39407;-1075678;-243743;;;;
04_S4;04/05/2023;16:59:22;7656;1157;-6133;-9460;-361786;-16785;-39407;-1075678;-243743;;;;
04_S4;04/05/2023;16:59:22;7319;1150;-6716;8240;-304871;18768;-42327;-1061083;-255419;;;;
04_S4;04/05/2023;16:59:22;6953;1113;-7056;3586;-323639;21286;-49624;-1042109;-280231;;;;
04_S4;04/05/2023;16:59:22;6428;1006;-7444;16785;-387497;30441;-29191;-1021675;-303583;Inactive;0;2023;
04_S4;04/05/2023;16:59:22;5754;818;-8215;101395;-620804;87433;-30650;-985187;-325477;;;;
04_S4;04/05/2023;16:59:22;4265;601;-8750;115128;-879593;167236;-30650;-985187;-325477;;;;
04_S4;04/05/2023;16:59:22;3403;613;-9231;-13199;-451279;-95062;-23353;-942860;-367803;;;;
04_S4;04/05/2023;16:59:22;2822;710;-9521;-18997;-311890;-125198;-20434;-910750;-370722;;;;
04_S4;04/05/2023;16:59:23;2161;747;-9683;-14954;-355835;-167694;-33569;-862586;-363424;;;;
04_S4;04/05/2023;16:59:23;1611;786;-9880;763;-323868;-154266;-20434;-831936;-364884;;;;
04_S4;04/05/2023;16:59:23;1052;552;-9700;84763;-414581;-153122;-20434;-831936;-364884;;;;
04_S4;04/05/2023;16:59:23;305;364;-9663;127487;-455322;-82092;-21893;-798366;-378020;;;;
04_S4;04/05/2023;16:59:23;-586;225;-9937;111694;-406418;-35172;-10217;-757499;-375101;;;;
04_S4;04/05/2023;16:59:23;-1426;-24;-9900;173645;-472107;11368;4379;-731228;-363424;Inactive;0;2029;
04_S4;04/05/2023;16:59:23;-2439;-503;-9585;223694;-577087;4120;8757;-683063;-359046;;;;
04_S4;04/05/2023;16:59:23;-3713;-757;-8950;164032;-702744;-62027;8757;-683063;-359046;;;;
04_S4;04/05/2023;16:59:23;-4604;-947;-8628;65918;-601349;-74692;37948;-636358;-329855;;;;
04_S4;04/05/2023;16:59:23;-5444;-1230;-7932;73013;-542755;-43182;42327;-588193;-316719;;;;
04_S4;04/05/2023;16:59:23;-6165;-1238;-7510;22964;-423889;2365;37948;-580895;-288988;;;;
04_S4;04/05/2023;16:59:24;-6089;-1350;-7253;-99640;-366364;-43335;45246;-547326;-258338;;;;
04_S4;04/05/2023;16:59:24;-7104;-1008;-6528;-131149;-457458;66833;45246;-547326;-258338;;;;
04_S4;04/05/2023;16:59:24;-7903;-720;-5708;-25253;-637131;103378;29191;-528352;-233526;;;;
04_S4;04/05/2023;16:59:24;-8362;-791;-4807;-9689;-534744;69275;24812;-509378;-167847;;;;
04_S4;04/05/2023;16:59:24;-8691;-654;-4375;-25711;-331345;48447;16055;-500621;-162008;Inactive;0;2028;
04_S4;04/05/2023;16:59:24;-8906;-586;-4001;-11063;-326843;45166;16055;-500621;-162008;;;;
04_S4;04/05/2023;16:59:24;-9138;-537;-3296;2213;-294952;49820;20434;-478728;-119682;;;;
04_S4;04/05/2023;16:59:24;-9282;-571;-2668;-10834;-361862;47836;16055;-486025;-103627;;;;
04_S4;04/05/2023;16:59:24;-9414;-481;-1838;-32349;-415802;86060;7298;-480187;-77355;;;;
04_S4;04/05/2023;16:59:24;-9924;-42;-1487;-26398;-258255;109482;7298;-477268;-48165;;;;
04_S4;04/05/2023;16:59:25;-9792;-81;-972;16708;-291672;48904;7298;-477268;-48165;;;;
04_S4;04/05/2023;16:59:25;-9827;-46;-286;20294;-326614;37689;11676;-467052;-14595;;;;
04_S4;04/05/2023;16:59:25;-9753;-117;310;-14114;-242615;20523;-4379;-491864;4379;;;;
04_S4;04/05/2023;16:59:25;-9951;129;383;-3510;-86060;61874;-8757;-472890;14595;;;;
04_S4;04/05/2023;16:59:25;-10083;134;505;-49362;-109100;-22354;11676;-490404;35029;Inactive;0;2029;
04_S4;04/05/2023;16:59:25;-9773;-125;867;-15106;-123978;-34027;11676;-490404;35029;;;;
04_S4;04/05/2023;16:59:25;-9915;59;730;27390;-35858;4959;8757;-490404;46705;;;;
04_S4;04/05/2023;16:59:25;-9817;-49;933;58594;-88272;-839;-1460;-477268;39407;;;;
04_S4;04/05/2023;16:59:25;-9829;-81;1406;61264;-151901;3204;-5838;-496242;61301;;;;
04_S4;04/05/2023;16:59:26;-9888;-49;1667;57907;-204926;48370;-8757;-490404;70058;;;;
04_S4;04/05/2023;16:59:26;-9644;93;2344;-89569;-291443;75226;-8757;-490404;70058;;;;
04_S4;04/05/2023;16:59:26;-9871;193;2441;19531;-177383;26016;-5838;-502080;110925;;;;
04_S4;04/05/2023;16:59:26;-9497;405;2935;-15564;-129318;40054;-14595;-510838;90491;;;;
04_S4;04/05/2023;16:59:26;-9622;181;3098;-21591;-100708;1984;-4379;-506459;100708;;;;
04_S4;04/05/2023;16:59:26;-9441;208;3247;-21515;-57602;17929;-2919;-513757;110925;Inactive;0;2026;
04_S4;04/05/2023;16:59:26;-9336;291;3250;9384;-46234;17929;-2919;-513757;110925;;;;
04_S4;04/05/2023;16:59:26;-9419;190;3408;-4044;-50049;3052;-11676;-507919;110925;;;;
04_S4;04/05/2023;16:59:26;-9370;212;3477;-14191;-72861;6256;-14595;-528352;119682;;;;
04_S4;04/05/2023;16:59:26;-9314;259;4026;0;-106049;2289;-4379;-523973;129899;;;;
04_S4;04/05/2023;16:59:27;-9224;259;3967;28534;-69656;-5722;-18974;-523973;129899;;;;
04_S4;04/05/2023;16:59:27;-9202;300;4048;84915;-67673;-381;-18974;-523973;129899;;;;
04_S4;04/05/2023;16:59:27;-9075;491;4333;103912;-112305;7019;-17514;-528352;143035;;;;
04_S4;04/05/2023;16:59:27;-8955;417;4490;-52185;-164108;13809;-14595;-540028;145954;;;;
04_S4;04/05/2023;16:59:27;-8826;254;5090;-37231;-300751;45395;-18974;-547326;159089;;;;
04_S4;04/05/2023;16:59:27;-8521;457;5405;-15411;-235596;55237;-21893;-556083;173685;Inactive;0;2028;
04_S4;04/05/2023;16:59:27;-8225;518;5857;-35629;-266953;37689;-21893;-556083;173685;;;;
04_S4;04/05/2023;16:59:27;-7766;427;6438;-47226;-441513;-6256;-21893;-576517;208714;;;;
04_S4;04/05/2023;16:59:27;-7056;251;7336;-132141;-612030;-7706;-14595;-607167;245202;;;;
04_S4;04/05/2023;16:59:27;-6182;173;8054;-48981;-573654;-30975;-18974;-640736;278771;;;;
04_S4;04/05/2023;16:59:27;-5405;-29;8760;-128098;-641479;-24414;-18974;-640736;278771;;;;
04_S4;04/05/2023;16:59:28;-4368;-393;9177;-126953;-652618;-38986;-2919;-677225;306503;;;;
04_S4;04/05/2023;16:59:28;-3132;-405;9768;-36240;-709229;-3891;10217;-731228;328396;;;;
04_S4;04/05/2023;16:59:28;-2158;-173;10486;-3967;-626373;-1602;2919;-791069;344450;;;;
04_S4;04/05/2023;16:59:28;-1309;-68;10269;110321;-352173;-60959;4379;-815881;328396;;;;
04_S4;04/05/2023;16:59:28;-315;-137;10571;-39139;-581207;2975;4379;-815881;328396;Inactive;0;2029;
04_S4;04/05/2023;16:59:28;349;-83;10347;27084;-411377;-10376;0;-846531;341531;;;;
04_S4;04/05/2023;16:59:28;1096;-215;10464;-82169;-573730;63019;-7298;-888857;345910;;;;
04_S4;04/05/2023;16:59:28;1797;-269;10220;14572;-340576;11597;4379;-926805;328396;;;;
04_S4;04/05/2023;16:59:28;2454;-344;10015;-68283;-451355;19455;16055;-964753;325477;;;;
04_S4;04/05/2023;16:59:28;3533;-664;9690;-145111;-608444;53024;16055;-964753;325477;;;;
04_S4;04/05/2023;16:59:29;4822;-737;9153;-96054;-666199;56992;27731;-996863;305043;;;;
04_S4;04/05/2023;16:59:29;6011;-916;8613;-61569;-695419;120087;23353;-1056704;277312;;;;
04_S4;04/05/2023;16:59:29;6638;-979;7935;-38452;-508957;14954;26272;-1094652;253959;;;;
04_S4;04/05/2023;16:59:29;7007;-884;7576;-19073;-370178;-82550;29191;-1109247;236445;;;;
04_S4;04/05/2023;16:59:29;7546;-710;6860;10605;-444946;-46692;29191;-1109247;236445;Inactive;0;2029;
04_S4;04/05/2023;16:59:29;8105;-613;6250;23727;-475922;-72632;16055;-1131140;191199;;;;
04_S4;04/05/2023;16:59:29;8706;-557;5627;36774;-429077;-27847;10217;-1139898;150332;;;;
04_S4;04/05/2023;16:59:29;8887;-515;5007;15869;-412369;-15335;20434;-1161791;122601;;;;
04_S4;04/05/2023;16:59:29;9226;-298;4299;70038;-466766;-57526;0;-1167629;75896;;;;
04_S4;04/05/2023;16:59:30;9631;-66;3345;109634;-445786;-78125;0;-1167629;75896;;;;
04_S4;04/05/2023;16:59:30;9863;139;2920;51270;-366135;-70419;-5838;-1164710;46705;;;;
04_S4;04/05/2023;16:59:30;10044;34;2227;-64316;-247574;-15411;-7298;-1183684;30650;;;;
04_S4;04/05/2023;16:59:30;9802;-137;1846;-20676;-261154;58289;-11676;-1182224;-2919;;;;
04_S4;04/05/2023;16:59:30;9880;7;1489;16708;-296173;17395;-7298;-1183684;-27731;;;;
04_S4;04/05/2023;16:59:30;10029;10;835;-42114;-292282;-11444;-7298;-1183684;-27731;Inactive;0;2028;
04_S4;04/05/2023;16:59:30;10017;-17;305;-44785;-271301;12741;-5838;-1179305;-55462;;;;
04_S4;04/05/2023;16:59:30;9968;-76;-227;-22736;-254517;23727;-10217;-1172007;-68598;;;;
04_S4;04/05/2023;16:59:30;10115;-61;-532;-43030;-217896;12207;-4379;-1174926;-89032;;;;
04_S4;04/05/2023;16:59:30;9990;-66;-886;-27161;-117722;21973;-8757;-1182224;-93410;;;;
04_S4;04/05/2023;16:59:30;9902;-85;-994;-19379;-101776;2441;-8757;-1182224;-93410;;;;
04_S4;04/05/2023;16:59:31;10005;100;-1108;-3433;-80261;-8698;-2919;-1173467;-105087;;;;
04_S4;04/05/2023;16:59:31;9805;-61;-1382;-29831;-89111;-4425;-8757;-1167629;-110925;;;;
04_S4;04/05/2023;16:59:31;10049;10;-1663;3204;-74463;8240;1460;-1163250;-129899;;;;
04_S4;04/05/2023;16:59:31;9941;-44;-1624;-19150;-74387;4730;7298;-1160331;-115303;;;;
04_S4;04/05/2023;16:59:31;9810;37;-1831;37460;-35934;-2289;7298;-1160331;-115303;Inactive;0;2032;
04_S4;04/05/2023;16:59:31;9905;112;-2092;5035;-88272;-56458;-2919;-1155953;-145954;;;;
04_S4;04/05/2023;16:59:31;9641;176;-2209;53787;-123138;-97122;-18974;-1154493;-147413;;;;
04_S4;04/05/2023;16:59:31;9758;247;-2441;24109;-132294;-59814;-18974;-1145736;-164928;;;;
04_S4;04/05/2023;16:59:31;9626;464;-2590;-51270;-64621;-24948;-18974;-1145736;-164928;;;;
04_S4;04/05/2023;16:59:32;9412;569;-2878;-25330;-73624;12131;-26272;-1144276;-151792;;;;
04_S4;04/05/2023;16:59:32;9548;273;-3110;-80566;-105362;42191;-29191;-1150114;-169306;;;;
04_S4;04/05/2023;16:59:32;9497;559;-3108;-83847;-52185;3433;-2919;-1132600;-175144;;;;
04_S4;04/05/2023;16:59:32;9519;427;-3250;-114670;-63248;12589;-17514;-1138438;-169306;;;;
04_S4;04/05/2023;16:59:32;9380;579;-3489;-124893;-100021;4425;-17514;-1138438;-169306;;;;
04_S4;04/05/2023;16:59:32;9260;542;-3262;-106506;-157089;-12054;-18974;-1134059;-170766;Inactive;0;2035;
04_S4;04/05/2023;16:59:32;9150;681;-3940;-39215;-160370;18845;-30650;-1119464;-194118;;;;
04_S4;04/05/2023;16:59:32;9268;598;-4438;-71869;-123901;21210;-23353;-1123843;-186821;;;;
04_S4;04/05/2023;16:59:32;9036;769;-4546;-62943;-82169;-17700;-37948;-1109247;-201416;;;;
04_S4;04/05/2023;16:59:32;8894;837;-4294;-109024;-98419;-1526;-37948;-1109247;-201416;;;;
04_S4;04/05/2023;16:59:32;8726;916;-4731;-42267;-119400;8087;-29191;-1115086;-207254;;;;
04_S4;04/05/2023;16:59:33;8552;933;-5171;-27924;-165863;40588;-30650;-1099031;-214552;;;;
04_S4;04/05/2023;16:59:33;8369;774;-5352;12207;-294113;44556;-35029;-1091733;-224769;;;;
04_S4;04/05/2023;16:59:33;7983;771;-5938;28458;-274811;-14648;-23353;-1080057;-259797;;;;
04_S4;04/05/2023;16:59:33;7424;762;-6511;42877;-381851;-19989;-23353;-1080057;-259797;;;;
04_S4;04/05/2023;16:59:33;6777;730;-6963;-10376;-595474;69351;-36488;-1052325;-272933;Inactive;0;2032;
04_S4;04/05/2023;16:59:33;6196;635;-7722;43335;-461578;-1221;-30650;-1026054;-305043;;;;
04_S4;04/05/2023;16:59:33;5432;579;-8411;91782;-415726;-49515;-21893;-999782;-319638;;;;
04_S4;04/05/2023;16:59:33;4651;430;-8611;156937;-570526;-992;-7298;-955996;-345910;;;;
04_S4;04/05/2023;16:59:33;4180;171;-8899;76828;-404434;-28381;-7298;-955996;-345910;;;;
04_S4;04/05/2023;16:59:33;3247;249;-9355;-27237;-395584;-9232;-5838;-928265;-361965;;;;
04_S4;04/05/2023;16:59:34;2300;149;-9624;75989;-549545;27008;-8757;-887398;-367803;;;;
04_S4;04/05/2023;16:59:34;1375;-49;-9761;90408;-590897;13809;-10217;-830476;-372182;;;;
04_S4;04/05/2023;16:59:34;554;-120;-9819;12207;-470047;34637;0;-808583;-379479;;;;
04_S4;04/05/2023;16:59:34;-200;-29;-9797;-57526;-465546;839;0;-808583;-379479;;;;
04_S4;04/05/2023;16:59:34;-1155;-20;-9680;-24261;-472412;9918;-14595;-773554;-364884;Inactive;0;2033;
04_S4;04/05/2023;16:59:34;-1958;71;-9514;-83313;-501022;51651;-5838;-735606;-359046;;;;
04_S4;04/05/2023;16:59:34;-2888;422;-9258;-151443;-557861;128937;-26272;-703496;-338612;;;;
04_S4;04/05/2023;16:59:34;-4141;781;-9194;-128555;-621414;44556;-32110;-656791;-309422;;;;
04_S4;04/05/2023;16:59:34;-5403;874;-8540;-64163;-757523;-37918;-32110;-656791;-309422;;;;
04_S4;04/05/2023;16:59:35;-6145;703;-7644;-42191;-707703;-123444;-21893;-608627;-287529;;;;
04_S4;04/05/2023;16:59:35;-6797;422;-6790;-43945;-581512;-99945;-18974;-573598;-246662;;;;
04_S4;04/05/2023;16:59:35;-7366;361;-6082;-22278;-533066;-64545;-17514;-542947;-218930;;;;
04_S4;04/05/2023;16:59:35;-7898;286;-5281;72403;-575409;-14572;-17514;-525433;-180982;;;;
04_S4;04/05/2023;16:59:35;-8677;171;-4395;45624;-571594;-17548;-17514;-525433;-180982;;;;
04_S4;04/05/2023;16:59:35;-9121;-10;-3423;-5417;-528717;-84534;-13136;-512297;-138656;Inactive;0;2034;
04_S4;04/05/2023;16:59:35;-9260;-146;-2798;12970;-348053;-49820;-1460;-486025;-103627;;;;
04_S4;04/05/2023;16:59:35;-9390;-51;-2363;7553;-247726;24948;1460;-486025;-77355;;;;
04_S4;04/05/2023;16:59:35;-9563;7;-2144;-8392;-153885;24185;1460;-486025;-77355;;;;
04_S4;04/05/2023;16:59:35;-9646;-85;-1794;-22049;-174561;-29678;-1460;-491864;-74436;;;;
04_S4;04/05/2023;16:59:35;-9700;-198;-1462;-28610;-213089;-68436;5838;-478728;-46705;;;;
04_S4;04/05/2023;16:59:36;-9817;-310;-1033;8545;-178604;-52490;4379;-483106;-39407;;;;
04_S4;04/05/2023;16:59:36;-9807;-388;-642;44403;-182571;-33493;4379;-488945;-16055;;;;
04_S4;04/05/2023;16:59:36;-9722;-439;-427;95291;-187912;-6332;4379;-488945;-16055;;;;
04_S4;04/05/2023;16:59:36;-9763;-437;115;140762;-166473;30212;13136;-477268;-4379;;;;
04_S4;04/05/2023;16:59:36;-9980;-371;198;73624;-112152;24261;4379;-477268;-4379;Inactive;0;2034;
04_S4;04/05/2023;16:59:36;-9917;-195;415;78888;-170212;109558;1460;-497702;18974;;;;
04_S4;04/05/2023;16:59:36;-9858;5;1191;35858;-241165;84457;-2919;-481647;29191;;;;
04_S4;04/05/2023;16:59:36;-9971;-115;1418;72327;-153503;46463;-2919;-481647;29191;;;;
04_S4;04/05/2023;16:59:36;-9749;176;1521;-29602;-104218;79422;-5838;-496242;37948;;;;
04_S4;04/05/2023;16:59:36;-9673;286;1782;-41580;-80643;16174;-21893;-488945;51084;;;;
04_S4;04/05/2023;16:59:37;-9771;359;1799;-46387;-87051;-916;-8757;-499161;52543;;;;
04_S4;04/05/2023;16:59:37;-9758;17;2112;-71945;-110855;-4578;2919;-481647;70058;;;;
04_S4;04/05/2023;16:59:37;-9722;-10;2444;-88577;-97198;7629;2919;-481647;70058;;;;
04_S4;04/05/2023;16:59:37;-9683;90;2319;-36621;-46768;11520;1460;-503540;74436;;;;
04_S4;04/05/2023;16:59:37;-10051;-188;3049;-9689;-17319;3662;-17514;-502080;87572;Inactive;0;2033;
04_S4;04/05/2023;16:59:37;-9431;525;2429;58212;21133;53253;-11676;-513757;78815;;;;
04_S4;04/05/2023;16:59:37;-9602;154;2424;45624;-55161;-22659;-14595;-502080;81734;;;;
04_S4;04/05/2023;16:59:37;-9590;15;2576;1450;-38223;-14725;-14595;-502080;81734;;;;
04_S4;04/05/2023;16:59:37;-9746;76;2859;-46616;-4120;-16632;-13136;-497702;86113;;;;
04_S4;04/05/2023;16:59:38;-9722;-127;2642;-22507;13885;-26474;-11676;-496242;87572;;;;
04_S4;04/05/2023;16:59:38;-9536;110;2837;58289;-68893;22583;-4379;-503540;80274;;;;
04_S4;04/05/2023;16:59:38;-9553;190;2971;4044;-100403;26093;-17514;-502080;105087;;;;
04_S4;04/05/2023;16:59:38;-9346;154;3777;-16327;-233994;5569;-17514;-502080;105087;;;;
04_S4;04/05/2023;16:59:38;-9265;-29;3899;-36392;-235291;-22430;-11676;-513757;110925;;;;
04_S4;04/05/2023;16:59:38;-9094;46;4348;35172;-202866;3662;-2919;-522514;131358;Inactive;0;2033;
04_S4;04/05/2023;16:59:38;-8906;164;4534;36163;-162506;22964;-17514;-528352;145954;;;;
04_S4;04/05/2023;16:59:38;-8740;100;5051;-59204;-241699;29144;-14595;-542947;163468;;;;
04_S4;04/05/2023;16:59:38;-8567;85;5464;-83237;-287170;15411;-14595;-542947;163468;;;;
04_S4;04/05/2023;16:59:38;-8137;34;6023;-75836;-288239;10681;-14595;-563381;189740;;;;
04_S4;04/05/2023;16:59:38;-7915;17;6243;-10300;-284882;18692;-4379;-550245;205795;;;;
04_S4;04/05/2023;16:59:39;-7654;137;6719;12512;-312653;23804;-16055;-588193;234985;;;;
04_S4;04/05/2023;16:59:39;-7358;93;7031;-15717;-201111;5951;-16055;-588193;234985;;;;
04_S4;04/05/2023;16:59:39;-7217;-15;7209;-44632;-158539;153;-17514;-598410;233526;;;;
04_S4;04/05/2023;16:59:39;-6589;-291;7710;-64316;-414886;-86823;-13136;-594031;264176;;;;
04_S4;04/05/2023;16:59:39;-6060;-498;8123;-115814;-472641;-69046;1460;-631979;278771;Inactive;0;2032;
04_S4;04/05/2023;16:59:39;-5364;-522;8989;-36469;-443954;8469;8757;-662629;306503;;;;
04_S4;04/05/2023;16:59:39;-5059;-417;8938;101547;-328445;39444;8757;-662629;306503;;;;
04_S4;04/05/2023;16:59:39;-4102;-142;9475;60425;-425949;109406;-13136;-681603;313800;;;;
04_S4;04/05/2023;16:59:39;-3523;44;9622;46768;-396576;86136;-10217;-713713;319638;;;;
04_S4;04/05/2023;16:59:39;-2603;2;10068;-103302;-604782;63782;-2919;-776473;338612;;;;
04_S4;04/05/2023;16:59:40;-1482;-256;10583;-176773;-710754;131912;5838;-837774;344450;;;;
04_S4;04/05/2023;16:59:40;-681;-325;10325;-15411;-425034;37613;5838;-837774;344450;;;;
04_S4;04/05/2023;16:59:40;193;-244;10344;30136;-411835;38071;-2919;-849450;353208;;;;
04_S4;04/05/2023;16:59:40;1240;-159;10249;4807;-504913;69275;-2919;-890317;338612;;;;
04_S4;04/05/2023;16:59:40;2175;-300;10002;-64163;-603027;48904;4379;-941401;322557;Inactive;0;2034;
04_S4;04/05/2023;16:59:40;3320;-271;9727;-37842;-612183;-36621;7298;-985187;319638;;;;
04_S4;04/05/2023;16:59:40;4453;-498;9514;-65536;-629272;-55237;7298;-985187;319638;;;;
04_S4;04/05/2023;16:59:40;5344;-388;8823;-30212;-541229;10605;21893;-1020216;290448;;;;
04_S4;04/05/2023;16:59:40;6155;-483;8198;-45319;-647964;-6943;10217;-1049406;258338;;;;
04_S4;04/05/2023;16:59:41;6912;-471;7583;9689;-617523;25940;13136;-1078597;232066;;;;
04_S4;04/05/2023;16:59:41;7671;-454;6741;23193;-662994;39978;2919;-1135519;175144;;;;
04_S4;04/05/2023;16:59:41;8357;-342;5916;50201;-513306;-1373;2919;-1135519;175144;;;;
04_S4;04/05/2023;16:59:41;8748;-308;5183;30899;-465622;-36087;1460;-1157412;147413;;;;
04_S4;04/05/2023;16:59:41;9333;-232;4441;49896;-509872;12817;7298;-1172007;115303;;;;
04_S4;04/05/2023;16:59:41;9590;-208;3909;45700;-436249;24567;4379;-1177846;62760;Inactive;0;2034;
04_S4;04/05/2023;16:59:41;9626;-173;3325;51422;-288849;54626;13136;-1177846;39407;;;;
04_S4;04/05/2023;16:59:41;9727;-349;2642;35934;-291595;35706;13136;-1177846;39407;;;;
04_S4;04/05/2023;16:59:41;9797;-403;2100;-2518;-302048;1831;10217;-1177846;24812;;;;
04_S4;04/05/2023;16:59:41;9998;-210;1582;-24567;-290222;-55313;1460;-1183684;-1460;;;;
04_S4;04/05/2023;16:59:42;10256;-12;1011;-28610;-206680;-90027;2919;-1185143;-14595;;;;
04_S4;04/05/2023;16:59:42;10159;176;767;-29907;-235062;-52567;-10217;-1180765;-42327;;;;
04_S4;04/05/2023;16:59:42;10291;210;347;-37384;-263214;-38834;-10217;-1180765;-42327;;;;
04_S4;04/05/2023;16:59:42;10134;198;-112;-5417;-219803;23651;-8757;-1158872;-75896;;;;
04_S4;04/05/2023;16:59:42;10176;-2;-1062;-11978;-211945;54474;-13136;-1166169;-100708;;;;
04_S4;04/05/2023;16:59:42;10239;42;-916;-91324;-194092;52643;-4379;-1166169;-106546;Inactive;0;2033;
04_S4;04/05/2023;16:59:42;10073;46;-1292;-213547;-75150;-13351;-13136;-1160331;-115303;;;;
04_S4;04/05/2023;16:59:42;9976;110;-1438;-140839;-156708;-38452;-13136;-1160331;-115303;;;;
04_S4;04/05/2023;16:59:42;9871;125;-1448;-34790;-33569;-1526;-11676;-1170548;-113844;;;;
04_S4;04/05/2023;16:59:42;10005;356;-2043;45166;-43259;-21057;-11676;-1155953;-113844;;;;
04_S4;04/05/2023;16:59:42;9968;264;-1746;-41428;-13428;-15411;-10217;-1163250;-115303;;;;
04_S4;04/05/2023;16:59:43;9702;295;-1550;-3052;17014;2747;-18974;-1163250;-109465;;;;
04_S4;04/05/2023;16:59:43;9888;403;-1794;17395;-48141;-76;-18974;-1163250;-109465;;;;
04_S4;04/05/2023;16:59:43;9822;337;-2734;-213699;-42114;-37918;-27731;-1154493;-124061;;;;
04_S4;04/05/2023;16:59:43;9917;552;-2261;77896;-101547;-11597;-23353;-1155953;-137196;;;;
04_S4;04/05/2023;16:59:43;9778;449;-2437;-2594;-71716;27771;-11676;-1141357;-134277;Inactive;0;2036;
04_S4;04/05/2023;16:59:43;9712;439;-2490;-5417;-73471;18692;-11676;-1141357;-134277;;;;
04_S4;04/05/2023;16:59:43;9814;117;-2229;25482;-45319;24033;-17514;-1155953;-145954;;;;
04_S4;04/05/2023;16:59:43;9727;359;-3013;107040;-72861;27084;-7298;-1148655;-141575;;;;
04_S4;04/05/2023;16:59:43;9634;266;-2927;-23041;-114594;17548;-16055;-1148655;-159089;;;;
04_S4;04/05/2023;16:59:43;9441;356;-3477;-104675;-185928;-19531;-10217;-1131140;-167847;;;;
04_S4;04/05/2023;16:59:44;9265;508;-3953;-185776;-325165;15106;-10217;-1131140;-167847;;;;
04_S4;04/05/2023;16:59:44;8987;618;-4319;-258942;-271835;38986;-14595;-1118005;-183902;;;;
04_S4;04/05/2023;16:59:44;8735;657;-4736;-92010;-289688;-33112;-26272;-1126762;-201416;;;;
04_S4;04/05/2023;16:59:44;8459;750;-5212;26932;-335464;-62637;-20434;-1100490;-213092;;;;
04_S4;04/05/2023;16:59:44;8020;796;-5952;42267;-332718;-46158;-33569;-1075678;-246662;Inactive;0;2036;
04_S4;04/05/2023;16:59:44;7546;706;-6350;84991;-509033;2747;-33569;-1075678;-246662;;;;
04_S4;04/05/2023;16:59:44;6934;793;-7068;-19073;-379639;-4501;-26272;-1053785;-268555;;;;
04_S4;04/05/2023;16:59:44;6411;664;-7495;42725;-438080;-19684;-33569;-1034811;-290448;;;;
04_S4;04/05/2023;16:59:44;5833;693;-8054;61569;-461578;-41046;-20434;-995404;-315260;;;;
04_S4;04/05/2023;16:59:45;5078;498;-8560;111618;-524521;-80338;-20434;-972051;-353208;;;;
04_S4;04/05/2023;16:59:45;4294;334;-8757;150070;-562057;-11826;-20434;-972051;-353208;;;;
04_S4;04/05/2023;16:59:45;3464;320;-9451;75378;-458908;-23804;-4379;-923886;-369263;;;;
04_S4;04/05/2023;16:59:45;2559;-100;-9434;148468;-535126;-56763;-7298;-880100;-372182;;;;
04_S4;04/05/2023;16:59:45;1709;-295;-9561;127792;-474701;-23270;11676;-837774;-385318;;;;
04_S4;04/05/2023;16:59:45;1006;-354;-9680;30746;-346680;-11368;13136;-804204;-386777;Inactive;0;2034;
04_S4;04/05/2023;16:59:45;356;-229;-9980;7858;-314789;19531;13136;-804204;-386777;;;;
04_S4;04/05/2023;16:59:45;-327;-571;-9722;57297;-429840;-5951;14595;-779392;-382398;;;;
04_S4;04/05/2023;16:59:45;-1238;-559;-9609;49057;-448074;31433;17514;-747282;-379479;;;;
04_S4;04/05/2023;16:59:45;-1875;-498;-9683;-15411;-346222;10681;16055;-725389;-372182;;;;
04_S4;04/05/2023;16:59:46;-2380;-581;-9451;18082;-373840;-534;2919;-691820;-350289;;;;
04_S4;04/05/2023;16:59:46;-3230;-703;-9211;51727;-504913;-5646;2919;-691820;-350289;;;;
04_S4;04/05/2023;16:59:46;-4470;-847;-8496;79727;-694351;-17929;29191;-650953;-350289;;;;
04_S4;04/05/2023;16:59:46;-5181;-994;-8162;78812;-617218;55847;49624;-607167;-312341;;;;
04_S4;04/05/2023;16:59:46;-6360;-945;-7317;93155;-608749;110931;29191;-572138;-286069;;;;
04_S4;04/05/2023;16:59:46;-7144;-1091;-6665;90408;-630341;157089;20434;-563381;-236445;Inactive;0;2035;
04_S4;04/05/2023;16:59:46;-8335;-520;-5427;41580;-787811;205154;20434;-563381;-236445;;;;
04_S4;04/05/2023;16:59:46;-8538;-808;-4604;-98724;-543747;-18768;17514;-513757;-189740;;;;
04_S4;04/05/2023;16:59:46;-8857;-684;-3979;-56076;-451660;-305;23353;-507919;-160549;;;;
04_S4;04/05/2023;16:59:46;-9153;-667;-3079;-55466;-526810;44785;16055;-483106;-124061;;;;
04_S4;04/05/2023;16:59:46;-9539;-601;-1816;-37842;-645142;90637;13136;-486025;-77355;;;;
04_S4;04/05/2023;16:59:47;-10022;-112;-1123;-16022;-391464;119553;13136;-486025;-77355;;;;
04_S4;04/05/2023;16:59:47;-10051;-46;-542;-28687;-284271;59433;8757;-496242;-40867;;;;
04_S4;04/05/2023;16:59:47;-10107;-95;-195;-74768;-286331;-33722;5838;-481647;-14595;;;;
04_S4;04/05/2023;16:59:47;-9807;-98;-66;-4196;-153198;-6866;1460;-480187;1460;;;;
04_S4;04/05/2023;16:59:47;-9768;-332;317;-42114;-94681;-4425;1460;-480187;1460;Inactive;0;2031;
04_S4;04/05/2023;16:59:47;-9792;-427;608;-43106;-181580;-14496;8757;-472890;11676;;;;
04_S4;04/05/2023;16:59:47;-9978;-244;1079;32654;-75989;-8011;-5838;-478728;26272;;;;
04_S4;04/05/2023;16:59:47;-9810;-305;1062;73776;-134811;45624;2919;-472890;32110;;;;
04_S4;04/05/2023;16:59:47;-9841;-198;1465;90866;-209885;45624;-14595;-499161;29191;;;;
04_S4;04/05/2023;16:59:47;-10103;-625;1682;25787;-176697;30289;-14595;-499161;29191;;;;
04_S4;04/05/2023;16:59:48;-9531;156;2046;-55389;-152740;106583;7298;-491864;62760;;;;
04_S4;04/05/2023;16:59:48;-9399;405;2549;-94223;-185394;85373;-16055;-500621;74436;;;;
04_S4;04/05/2023;16:59:48;-9290;613;3215;116806;-438538;95825;-7298;-515216;94870;;;;
04_S4;04/05/2023;16:59:48;-9260;486;4072;140076;-420074;81024;-17514;-531271;119682;;;;
04_S4;04/05/2023;16:59:48;-9253;291;4314;-38986;-239334;67673;-17514;-531271;119682;Inactive;0;2034;
04_S4;04/05/2023;16:59:48;-8865;725;4780;-129852;-150375;59204;-27731;-532731;135737;;;;
04_S4;04/05/2023;16:59:48;-8584;779;5051;4196;-188828;30365;-24812;-541488;170766;;;;
04_S4;04/05/2023;16:59:48;-8779;513;5388;-3738;-134583;-17700;-32110;-548786;163468;;;;
04_S4;04/05/2023;16:59:48;-8684;576;5522;-26550;-71793;5112;-23353;-542947;175144;;;;
04_S4;04/05/2023;16:59:49;-8503;593;5464;-33112;-27847;16708;-23353;-542947;175144;;;;
04_S4;04/05/2023;16:59:49;-8340;701;5562;26245;-55084;26855;-24812;-556083;185361;;;;
04_S4;04/05/2023;16:59:49;-8401;867;5635;136871;-113144;24872;-24812;-547326;179523;;;;
04_S4;04/05/2023;16:59:49;-7986;1025;6121;37155;-327454;56076;-33569;-567760;188280;;;;
04_S4;04/05/2023;16:59:49;-7397;962;6951;5341;-497971;84076;-52543;-595491;230607;;;;
04_S4;04/05/2023;16:59:49;-6970;1277;7104;148392;-397110;76447;-52543;-595491;230607;Inactive;0;2035;
04_S4;04/05/2023;16:59:49;-6228;1353;8010;-52261;-518112;83847;-54003;-623222;226228;;;;
04_S4;04/05/2023;16:59:49;-5537;1121;8765;-168610;-500793;53864;-56922;-658251;267095;;;;
04_S4;04/05/2023;16:59:49;-5078;942;8870;-76447;-320282;17242;-36488;-696199;284610;;;;
04_S4;04/05/2023;16:59:49;-4414;1047;9199;-78049;-358124;85602;-46705;-712254;294826;;;;
04_S4;04/05/2023;16:59:49;-3755;850;9731;-156326;-512085;89569;-46705;-712254;294826;;;;
04_S4;04/05/2023;16:59:50;-3005;872;9802;-46616;-375900;66910;-32110;-753121;315260;;;;
04_S4;04/05/2023;16:59:50;-2190;828;10002;-58975;-416565;56381;-36488;-783771;319638;;;;
04_S4;04/05/2023;16:59:50;-1362;713;10281;-76675;-464401;38071;-24812;-830476;334234;;;;
04_S4;04/05/2023;16:59:50;-747;627;10332;-40588;-475311;81329;-30650;-865505;319638;;;;
04_S4;04/05/2023;16:59:50;339;571;10461;-20676;-475845;95215;-30650;-865505;319638;Inactive;0;2037;
04_S4;04/05/2023;16:59:50;1106;493;10469;-54169;-413437;48294;-14595;-890317;335693;;;;
04_S4;04/05/2023;16:59:50;1675;469;10359;-39062;-372925;27237;-16055;-923886;322557;;;;
04_S4;04/05/2023;16:59:50;2419;439;10190;-44479;-416260;33188;-13136;-953077;313800;;;;
04_S4;04/05/2023;16:59:50;3394;400;9910;-37460;-455475;73395;-13136;-953077;313800;;;;
04_S4;04/05/2023;16:59:51;4016;210;9653;-52567;-485764;97885;-16055;-999782;290448;;;;
04_S4;04/05/2023;16:59:51;5266;81;9326;-27542;-579758;192337;-4379;-1026054;272933;;;;
04_S4;04/05/2023;16:59:51;5586;-208;8708;-52185;-382690;144272;-1460;-1064002;252500;;;;
04_S4;04/05/2023;16:59:51;6030;-366;8191;-94757;-377121;48752;10217;-1087354;234985;;;;
04_S4;04/05/2023;16:59:51;6777;-359;7705;-131683;-461731;-64850;10217;-1087354;234985;;;;
04_S4;04/05/2023;16:59:51;7378;-439;7222;-102081;-486679;-119400;7298;-1116545;205795;Inactive;0;2032;
04_S4;04/05/2023;16:59:51;7856;-439;6614;-29907;-434952;81863;7298;-1122383;188280;;;;
04_S4;04/05/2023;16:59:51;8386;-581;5886;-48752;-447235;94147;24812;-1145736;141575;;;;
04_S4;04/05/2023;16:59:51;8850;-615;4753;-92163;-567703;24719;32110;-1167629;105087;;;;
04_S4;04/05/2023;16:59:51;9578;-835;4192;-42343;-567551;-31738;32110;-1167629;105087;;;;
04_S4;04/05/2023;16:59:51;9363;-854;3359;82245;-445023;202789;17514;-1182224;64220;;;;
04_S4;04/05/2023;16:59:52;9785;-1111;2407;-23880;-553513;140915;37948;-1196820;20434;;;;
04_S4;04/05/2023;16:59:52;10076;-1223;1448;-76904;-564194;10300;51084;-1192441;-24812;;;;
04_S4;04/05/2023;16:59:52;10381;-1267;620;9079;-419922;47150;49624;-1205577;-64220;;;;
04_S4;04/05/2023;16:59:52;10251;-1218;-115;-42114;-334396;128326;49624;-1205577;-64220;;;;
04_S4;04/05/2023;16:59:52;9529;-1992;-964;-80338;-554047;174332;51084;-1192441;-103627;Inactive;0;2038;
04_S4;04/05/2023;16:59:52;9363;-1946;-1792;-14420;-458755;63629;77355;-1174926;-147413;;;;
04_S4;04/05/2023;16:59:52;9548;-1863;-2505;-22583;-387421;-19608;64220;-1173467;-160549;;;;
04_S4;04/05/2023;16:59:52;9238;-1675;-3206;-89111;-329819;-48447;70058;-1167629;-204335;;;;
04_S4;04/05/2023;16:59:52;9165;-1421;-3479;-77133;-241776;-90714;70058;-1167629;-204335;;;;
04_S4;04/05/2023;16:59:52;8982;-1401;-4094;-38681;-182877;-51041;42327;-1142817;-211633;;;;
04_S4;04/05/2023;16:59:53;9077;-1191;-4409;-1755;-251465;-33722;52543;-1147195;-230607;;;;
04_S4;04/05/2023;16:59:53;8701;-1243;-4626;-62180;-295563;-24033;43786;-1123843;-251040;;;;
04_S4;04/05/2023;16:59:53;8372;-1160;-5366;-14038;-304718;-14877;35029;-1097571;-256878;;;;
04_S4;04/05/2023;16:59:53;8015;-1077;-5776;-1450;-427094;-53406;35029;-1097571;-256878;;;;
04_S4;04/05/2023;16:59:53;7568;-901;-6394;-153503;-338058;-64926;30650;-1072759;-310881;Inactive;0;2035;
04_S4;04/05/2023;16:59:53;7424;-791;-6543;-57449;-21515;35324;32110;-1071299;-303583;;;;
04_S4;04/05/2023;16:59:53;7397;-818;-6746;-58517;-55847;28992;29191;-1062542;-297745;;;;
04_S4;04/05/2023;16:59:53;6975;-781;-7107;-72784;-318451;52414;33569;-1043568;-319638;;;;
04_S4;04/05/2023;16:59:53;6365;-664;-7249;-27542;-484161;18005;33569;-1043568;-319638;;;;
04_S4;04/05/2023;16:59:54;5420;-720;-8215;0;-627823;-43716;27731;-1008539;-340072;;;;
04_S4;04/05/2023;16:59:54;4521;-798;-8818;81482;-586243;-32730;26272;-963294;-373641;;;;
04_S4;04/05/2023;16:59:54;3767;-815;-9089;35019;-489502;-87280;48165;-923886;-380939;;;;
04_S4;04/05/2023;16:59:54;3140;-742;-9407;-104218;-302734;46539;24812;-888857;-378020;;;;
04_S4;04/05/2023;16:59:54;2253;-437;-9609;-189896;-888367;99792;24812;-888857;-378020;;;;
04_S4;04/05/2023;16:59:54;-51;66;-9426;-193939;-1241837;-252075;8757;-788149;-376560;Inactive;0;2038;
04_S4;04/05/2023;16:59:54;-1682;-332;-9880;2365;-503311;-158310;7298;-725389;-360505;;;;
04_S4;04/05/2023;16:59:54;-2063;63;-9573;-84763;-313950;-34866;-1460;-704956;-354667;;;;
04_S4;04/05/2023;16:59:54;-2354;112;-9280;-7935;-206146;5722;-1460;-704956;-354667;;;;
04_S4;04/05/2023;16:59:54;-2793;-139;-9438;19608;-214539;14038;11676;-688901;-344450;;;;
04_S4;04/05/2023;16:59:54;-3401;-139;-9148;4044;-376053;43564;11676;-668467;-353208;;;;
04_S4;04/05/2023;16:59:55;-3997;39;-8936;15564;-414276;99716;8757;-639277;-329855;;;;
04_S4;04/05/2023;16:59:55;-5039;347;-8081;-123367;-618820;26321;0;-604248;-303583;;;;
04_S4;04/05/2023;16:59:55;-5476;142;-7874;-27237;-273056;1984;0;-604248;-303583;;;;
04_S4;04/05/2023;16:59:55;-5889;42;-7825;-30365;-281830;-4883;-1460;-594031;-293367;;;;
04_S4;04/05/2023;16:59:55;-6589;322;-7224;-134583;-521240;16174;-14595;-566300;-268555;Inactive;0;2038;
04_S4;04/05/2023;16:59:55;-7185;544;-6526;-163040;-471039;5569;-5838;-545866;-218930;;;;
04_S4;04/05/2023;16:59:55;-7563;632;-6008;-114746;-405960;-7401;-21893;-532731;-179523;;;;
04_S4;04/05/2023;16:59:55;-7864;771;-5608;-14648;-275650;14572;-21893;-532731;-179523;;;;
04_S4;04/05/2023;16:59:55;-8552;576;-5039;19989;-376358;2747;-10217;-518135;-170766;;;;
04_S4;04/05/2023;16:59:55;-8723;649;-4214;-6943;-427246;11902;-17514;-504999;-128439;;;;
04_S4;04/05/2023;16:59:56;-8855;627;-3560;52948;-475540;34561;-10217;-486025;-83194;;;;
04_S4;04/05/2023;16:59:56;-9375;571;-2996;143738;-379333;41809;33569;-433482;-18974;;;;
04_S4;04/05/2023;16:59:56;-9670;393;-2329;230637;-359879;-1221;33569;-433482;-18974;;;;
04_S4;04/05/2023;16:59:56;-9663;215;-1782;230713;-323639;-49515;709334;-178063;105087;;;;
04_S4;04/05/2023;16:59:56;-9675;188;-1235;93613;-284729;-95520;4873391;261257;-2325041;Inactive;0;2038;
04_S4;04/05/2023;16:59:56;-9878;-110;-891;12665;-154114;-81024;16123494;-1110707;-18228145;;;;TIMEMARK!
04_S4;04/05/2023;16:59:56;-10007;-310;-674;-24719;-43716;-27390;0;0;-47820238;;;;
04_S4;04/05/2023;16:59:56;-9912;-249;-735;-10147;4959;17090;0;0;-47820238;;;;
04_S4;04/05/2023;16:59:56;-9819;-29;-774;-24490;13123;15564;1471212;-1471212;-46349025;;;;
04_S4;04/05/2023;16:59:57;-9790;-217;-796;-39215;33112;2289;13521142;-6211785;-22555669;;;;
04_S4;04/05/2023;16:59:57;-9612;244;-940;-458;4501;23804;3102974;-1640518;-3088378;;;;
04_S4;04/05/2023;16:59:57;-9902;-247;-706;-15030;27008;-10452;1570461;-992484;-1503322;;;;
04_S4;04/05/2023;16:59:57;-9866;-205;-635;2289;8545;4883;1570461;-992484;-1503322;;;;
04_S4;04/05/2023;16:59:57;-9839;15;-659;2365;-839;9232;1925128;-1224551;-1776255;;;;
04_S4;04/05/2023;16:59:57;-9739;-181;-750;19379;11902;-2365;4747871;-1866747;-4963882;Inactive;0;2036;
04_S4;04/05/2023;16:59:57;-9893;-330;-808;229;9689;-12131;11493846;-3151138;-16943753;;;;
04_S4;04/05/2023;16:59:57;-9824;-27;-674;-17929;2060;15030;17745039;-2326500;-23066507;;;;TIMEMARK!
04_S4;04/05/2023;16:59:57;-9849;-83;-605;-9079;15335;7629;17745039;-2326500;-23066507;;;;
04_S4;04/05/2023;16:59:57;-9836;-208;-691;-4196;19760;-5722;20967694;-703496;-26852543;;;;
04_S4;04/05/2023;16:59:57;-9927;-159;-557;-13962;14114;-7095;19522754;-1004161;-28297484;;;;
04_S4;04/05/2023;16:59:58;-9873;-291;-642;-534;13809;-2289;19661409;-944320;-28158828;;;;
04_S4;04/05/2023;16:59:58;-9875;-247;-649;-4959;10147;-458;21115107;-1577758;-26705130;;;;
04_S4;04/05/2023;16:59:58;-9900;-264;-630;-6027;10529;-3510;21115107;-1577758;-26705130;;;;
04_S4;04/05/2023;16:59:58;-9812;-220;-627;-5569;5188;2975;22231652;-2615489;-25588585;;;;
04_S4;04/05/2023;16:59:58;-9861;-239;-549;-9155;7553;229;22055048;-3022699;-25765189;Inactive;0;2038;
04_S4;04/05/2023;16:59:58;-9797;-190;-552;-5875;10605;1526;21968936;-2457859;-25851302;;;;
04_S4;04/05/2023;16:59:58;-9822;-278;-623;-2899;11520;-5112;21968936;-2457859;-25851302;;;;
04_S4;04/05/2023;16:59:58;-9807;-261;-542;-13351;11215;-3128;21968936;-2457859;-25851302;;;;
04_S4;04/05/2023;16:59:58;-9829;-347;-544;-10071;13962;76;22168892;-3051890;-25651345;;;;
04_S4;04/05/2023;16:59:58;-9705;-681;-535;-28000;44632;17395;5998693;-2808147;216011;;;;
04_S4;04/05/2023;16:59:59;-10635;17;-645;-33417;-11063;-9460;10217;-413049;-30650;;;;
04_S4;04/05/2023;16:59:59;-9414;-42;-652;22659;44174;62408;10217;-413049;-30650;;;;
04_S4;04/05/2023;16:59:59;-9575;-83;-190;229;-3967;19073;2919;-402832;-40867;;;;
04_S4;04/05/2023;16:59:59;-10374;-603;-413;4501;-1068;-75302;-5838;-405751;-43786;;;;
04_S4;04/05/2023;16:59:59;-9846;-291;-806;37460;43106;9537;7298;-404291;-42327;Inactive;0;2038;
04_S4;04/05/2023;16:59:59;-9617;-203;-674;-5341;47836;27466;-8757;-399913;-52543;;;;
04_S4;04/05/2023;16:59:59;-9836;-210;-422;-12741;9079;7782;-8757;-399913;-52543;;;;
04_S4;04/05/2023;16:59:59;-9846;-151;-396;5188;-1450;19379;4379;-389696;-51084;;;;
04_S4;04/05/2023;16:59:59;-9883;-281;-459;10300;5951;8087;4379;-401372;-54003;;;;
04_S4;04/05/2023;17:00:00;-9956;-469;-515;-3204;18921;-13351;2919;-405751;-37948;;;;
04_S4;04/05/2023;17:00:00;-9785;-229;-613;-10529;23270;1373;8757;-388237;-43786;;;;
04_S4;04/05/2023;17:00:00;-9778;-210;-544;-11215;22125;7553;8757;-388237;-43786;;;;
04_S4;04/05/2023;17:00:00;-9871;-293;-496;-5798;12589;3281;-1460;-401372;-54003;;;;
04_S4;04/05/2023;17:00:00;-9875;-310;-413;-2899;11978;2899;-8757;-411589;-46705;;;;
04_S4;04/05/2023;17:00:00;0;0;0;0;0;0;0;0;0;Inactive;;21;Power off command received.
