TagID;Date;Time;accX;accY;accZ;magX;magY;magZ;Temp. (?C);Metadata
1_S6;10/05/2023;12:55:50.000;0.063;0.000;1.000;-174.0;1174.5;1561.5;24;
1_S6;10/05/2023;12:55:50.100;0.000;0.000;1.063;;;;;
1_S6;10/05/2023;12:55:50.200;0.063;-0.125;1.000;;;;;
1_S6;10/05/2023;12:55:50.300;0.000;-0.125;0.938;;;;;
1_S6;10/05/2023;12:55:50.400;-0.063;-0.125;0.938;;;;;
1_S6;10/05/2023;12:55:50.500;-0.063;-0.188;1.000;-142.5;1185.0;1567.5;;
1_S6;10/05/2023;12:55:50.600;-0.063;-0.125;1.000;;;;;
1_S6;10/05/2023;12:55:50.700;-0.125;-0.188;0.938;;;;;
1_S6;10/05/2023;12:55:50.800;-0.125;-0.188;1.000;;;;;
1_S6;10/05/2023;12:55:50.900;-0.250;-0.188;0.938;;;;;
1_S6;10/05/2023;12:55:51.000;-0.313;-0.313;0.875;-88.5;1257.0;1618.5;;
1_S6;10/05/2023;12:55:51.100;-0.375;-0.250;0.875;;;;;
1_S6;10/05/2023;12:55:51.200;-0.438;-0.250;0.875;;;;;
1_S6;10/05/2023;12:55:51.300;-0.500;-0.250;0.875;;;;;
1_S6;10/05/2023;12:55:51.400;-0.500;-0.250;0.813;;;;;
1_S6;10/05/2023;12:55:51.500;-0.563;-0.188;0.813;-4.5;1237.5;1657.5;;
1_S6;10/05/2023;12:55:51.600;-0.625;-0.250;0.750;;;;;
1_S6;10/05/2023;12:55:51.700;-0.625;-0.313;0.688;;;;;
1_S6;10/05/2023;12:55:51.800;-0.688;-0.313;0.625;;;;;
1_S6;10/05/2023;12:55:51.900;-0.750;-0.313;0.625;;;;;
1_S6;10/05/2023;12:55:52.000;-0.813;-0.250;0.563;-840.0;1201.5;1495.5;;
1_S6;10/05/2023;12:55:52.100;-0.813;-0.188;0.438;;;;;
1_S6;10/05/2023;12:55:52.200;-0.875;-0.313;0.313;;;;;
1_S6;10/05/2023;12:55:52.300;-0.875;-0.375;0.250;;;;;
1_S6;10/05/2023;12:55:52.400;-0.938;-0.375;0.250;;;;;
1_S6;10/05/2023;12:55:52.500;-0.938;-0.375;0.188;-852.0;1210.5;1621.5;;
1_S6;10/05/2023;12:55:52.600;-0.938;-0.313;0.125;;;;;
1_S6;10/05/2023;12:55:52.700;-1.000;-0.250;0.063;;;;;
1_S6;10/05/2023;12:55:52.800;-1.000;-0.250;-0.125;;;;;
1_S6;10/05/2023;12:55:52.900;-1.000;-0.250;-0.188;;;;;
1_S6;10/05/2023;12:55:53.000;-0.938;-0.313;-0.188;-834.0;1237.5;1702.5;;
1_S6;10/05/2023;12:55:53.100;-0.938;-0.250;-0.250;;;;;
1_S6;10/05/2023;12:55:53.200;-0.875;-0.250;-0.313;;;;;
1_S6;10/05/2023;12:55:53.300;-0.875;-0.375;-0.375;;;;;
1_S6;10/05/2023;12:55:53.400;-0.813;-0.375;-0.438;;;;;
1_S6;10/05/2023;12:55:53.500;-0.813;-0.313;-0.500;-985.5;1207.5;1878.0;;
1_S6;10/05/2023;12:55:53.600;-0.750;-0.313;-0.563;;;;;
1_S6;10/05/2023;12:55:53.700;-0.750;-0.375;-0.688;;;;;
1_S6;10/05/2023;12:55:53.800;-0.625;-0.375;-0.625;;;;;
1_S6;10/05/2023;12:55:53.900;-0.625;-0.313;-0.813;;;;;
1_S6;10/05/2023;12:55:54.000;-0.438;-0.313;-0.813;-1102.5;1222.5;1933.5;;
1_S6;10/05/2023;12:55:54.100;-0.350;-0.375;-0.869;;;;;
1_S6;10/05/2023;12:55:54.200;-0.113;-0.388;-0.825;;;;;
1_S6;10/05/2023;12:55:54.300;-0.044;-0.438;-0.875;;;;;
1_S6;10/05/2023;12:55:54.400;0.000;-0.438;-0.925;;;;;
1_S6;10/05/2023;12:55:54.500;0.063;-0.406;-0.907;-1299.0;1218.0;1921.5;;
1_S6;10/05/2023;12:55:54.600;0.125;-0.413;-0.850;;;;;
1_S6;10/05/2023;12:55:54.700;0.125;-0.438;-0.919;;;;;
1_S6;10/05/2023;12:55:54.800;0.275;-0.438;-0.888;;;;;
1_S6;10/05/2023;12:55:54.900;0.375;-0.375;-0.875;;;;;
1_S6;10/05/2023;12:55:55.000;0.438;-0.438;-0.813;-1362.0;1206.0;1858.5;24;
1_S6;10/05/2023;12:55:55.100;0.375;-0.375;-0.750;;;;;
1_S6;10/05/2023;12:55:55.200;0.500;-0.375;-0.750;;;;;
1_S6;10/05/2023;12:55:55.300;0.500;-0.375;-0.750;;;;;
1_S6;10/05/2023;12:55:55.400;0.563;-0.375;-0.750;;;;;
1_S6;10/05/2023;12:55:55.500;0.625;-0.375;-0.688;-346.5;1579.5;2185.5;;
1_S6;10/05/2023;12:55:55.600;0.563;-0.375;-0.625;;;;;
1_S6;10/05/2023;12:55:55.700;0.625;-0.313;-0.625;;;;;
1_S6;10/05/2023;12:55:55.800;0.688;-0.375;-0.625;;;;;
1_S6;10/05/2023;12:55:55.900;0.688;-0.313;-0.500;;;;;
1_S6;10/05/2023;12:55:56.000;0.750;-0.375;-0.563;-574.5;1450.5;2067.0;;
1_S6;10/05/2023;12:55:56.100;0.813;-0.313;-0.438;;;;;
1_S6;10/05/2023;12:55:56.200;0.750;-0.250;-0.438;;;;;
1_S6;10/05/2023;12:55:56.300;0.813;-0.313;-0.375;;;;;
1_S6;10/05/2023;12:55:56.400;0.875;-0.250;-0.250;;;;;
1_S6;10/05/2023;12:55:56.500;0.813;-0.313;-0.125;-583.5;1447.5;1927.5;;
1_S6;10/05/2023;12:55:56.600;0.875;-0.313;-0.125;;;;;
1_S6;10/05/2023;12:55:56.700;0.938;-0.375;0.250;;;;;
1_S6;10/05/2023;12:55:56.800;0.938;-0.250;0.125;;;;;
1_S6;10/05/2023;12:55:56.900;0.813;-0.375;0.125;;;;;
1_S6;10/05/2023;12:55:57.000;0.875;-0.313;0.063;-532.5;1437.0;1834.5;;
1_S6;10/05/2023;12:55:57.100;0.875;-0.313;0.125;;;;;
1_S6;10/05/2023;12:55:57.200;0.875;-0.313;0.250;;;;;
1_S6;10/05/2023;12:55:57.300;0.813;-0.250;0.375;;;;;
1_S6;10/05/2023;12:55:57.400;0.875;-0.313;0.375;;;;;
1_S6;10/05/2023;12:55:57.500;0.813;-0.313;0.438;-459.0;1378.5;1717.5;;
1_S6;10/05/2023;12:55:57.600;0.750;-0.250;0.500;;;;;
1_S6;10/05/2023;12:55:57.700;0.750;-0.250;0.500;;;;;
1_S6;10/05/2023;12:55:57.800;0.688;-0.313;0.625;;;;;
1_S6;10/05/2023;12:55:57.900;0.625;-0.250;0.563;;;;;
1_S6;10/05/2023;12:55:58.000;0.688;-0.250;0.625;-411.0;1441.5;1714.5;;
1_S6;10/05/2023;12:55:58.100;0.625;-0.250;0.688;;;;;
1_S6;10/05/2023;12:55:58.200;0.563;-0.313;0.688;;;;;
1_S6;10/05/2023;12:55:58.300;0.500;-0.250;0.750;;;;;
1_S6;10/05/2023;12:55:58.400;0.500;-0.250;0.750;;;;;
1_S6;10/05/2023;12:55:58.500;0.500;-0.250;0.813;-352.5;1432.5;1702.5;;
1_S6;10/05/2023;12:55:58.600;0.438;-0.250;0.875;;;;;
1_S6;10/05/2023;12:55:58.700;0.313;-0.188;0.875;;;;;
1_S6;10/05/2023;12:55:58.800;0.375;-0.188;0.938;;;;;
1_S6;10/05/2023;12:55:58.900;0.250;-0.250;1.000;;;;;
1_S6;10/05/2023;12:55:59.000;0.313;-0.125;0.938;-505.5;1719.0;1606.5;;
1_S6;10/05/2023;12:55:59.100;0.194;-0.356;1.100;;;;;
1_S6;10/05/2023;12:55:59.200;0.250;-0.188;0.900;;;;;
1_S6;10/05/2023;12:55:59.300;0.213;-0.206;0.982;;;;;
1_S6;10/05/2023;12:55:59.400;0.100;-0.225;0.938;;;;;
1_S6;10/05/2023;12:55:59.500;0.063;-0.188;0.938;-340.5;1606.5;1503.0;;
1_S6;10/05/2023;12:55:59.600;-0.013;-0.150;0.975;;;;;
1_S6;10/05/2023;12:55:59.700;-0.063;-0.169;1.000;;;;;
1_S6;10/05/2023;12:55:59.800;-0.113;-0.138;0.950;;;;;
1_S6;10/05/2023;12:55:59.900;-0.188;-0.125;0.938;;;;;
1_S6;10/05/2023;12:56:00.000;-0.188;-0.188;0.938;-261.0;1596.0;1554.0;24;
1_S6;10/05/2023;12:56:00.100;-0.188;-0.188;0.938;;;;;
1_S6;10/05/2023;12:56:00.200;-0.188;-0.125;0.938;;;;;
1_S6;10/05/2023;12:56:00.300;-0.250;-0.188;0.938;;;;;
1_S6;10/05/2023;12:56:00.400;-0.313;-0.188;0.938;;;;;
1_S6;10/05/2023;12:56:00.500;-0.375;-0.188;0.938;-225.0;1579.5;1602.0;;
1_S6;10/05/2023;12:56:00.600;-0.438;-0.125;0.875;;;;;
1_S6;10/05/2023;12:56:00.700;-0.438;-0.125;0.875;;;;;
1_S6;10/05/2023;12:56:00.800;-0.500;-0.188;0.875;;;;;
1_S6;10/05/2023;12:56:00.900;-0.500;-0.188;0.813;;;;;
1_S6;10/05/2023;12:56:01.000;-0.563;-0.188;0.813;-252.0;1539.0;1680.0;;
1_S6;10/05/2023;12:56:01.100;-0.563;-0.188;0.813;;;;;
1_S6;10/05/2023;12:56:01.200;-0.625;-0.188;0.750;;;;;
1_S6;10/05/2023;12:56:01.300;-0.688;-0.250;0.750;;;;;
1_S6;10/05/2023;12:56:01.400;-0.750;-0.250;0.688;;;;;
1_S6;10/05/2023;12:56:01.500;-0.813;-0.250;0.563;-129.0;1497.0;1774.5;;
1_S6;10/05/2023;12:56:01.600;-0.875;-0.250;0.500;;;;;
1_S6;10/05/2023;12:56:01.700;-0.875;-0.188;0.500;;;;;
1_S6;10/05/2023;12:56:01.800;-0.875;-0.188;0.438;;;;;
1_S6;10/05/2023;12:56:01.900;-0.938;-0.250;0.375;;;;;
1_S6;10/05/2023;12:56:02.000;-1.000;-0.188;0.313;-144.0;1444.5;1942.5;;
1_S6;10/05/2023;12:56:02.100;-1.000;-0.125;0.125;;;;;
1_S6;10/05/2023;12:56:02.200;-0.938;-0.250;0.375;;;;;
1_S6;10/05/2023;12:56:02.300;-1.000;-0.188;0.188;;;;;
1_S6;10/05/2023;12:56:02.400;-0.938;-0.188;0.125;;;;;
1_S6;10/05/2023;12:56:02.500;-1.000;-0.188;-0.125;-139.5;1276.5;2110.5;;
1_S6;10/05/2023;12:56:02.600;-1.000;-0.188;-0.125;;;;;
1_S6;10/05/2023;12:56:02.700;-0.938;-0.188;-0.188;;;;;
1_S6;10/05/2023;12:56:02.800;-0.938;-0.188;-0.313;;;;;
1_S6;10/05/2023;12:56:02.900;-0.938;-0.125;-0.375;;;;;
1_S6;10/05/2023;12:56:03.000;-0.875;-0.125;-0.438;-279.0;1272.0;2236.5;;
1_S6;10/05/2023;12:56:03.100;-0.938;-0.188;-0.563;;;;;
1_S6;10/05/2023;12:56:03.200;-0.750;-0.250;-0.563;;;;;
1_S6;10/05/2023;12:56:03.300;-0.813;-0.188;-0.625;;;;;
1_S6;10/05/2023;12:56:03.400;-0.750;-0.188;-0.625;;;;;
1_S6;10/05/2023;12:56:03.500;-0.688;-0.188;-0.688;-393.0;1243.5;2275.5;;
1_S6;10/05/2023;12:56:03.600;-0.688;-0.188;-0.750;;;;;
1_S6;10/05/2023;12:56:03.700;-0.500;-0.188;-0.813;;;;;
1_S6;10/05/2023;12:56:03.800;-0.438;-0.125;-0.875;;;;;
1_S6;10/05/2023;12:56:03.900;-0.500;-0.188;-0.938;;;;;
1_S6;10/05/2023;12:56:04.000;-0.438;-0.313;-0.875;-150.0;1123.5;2347.5;;
1_S6;10/05/2023;12:56:04.100;-0.319;-0.188;-0.882;;;;;
1_S6;10/05/2023;12:56:04.200;-0.363;-0.175;-0.950;;;;;
1_S6;10/05/2023;12:56:04.300;-0.275;-0.144;-0.982;;;;;
1_S6;10/05/2023;12:56:04.400;-0.188;-0.188;-0.988;;;;;
1_S6;10/05/2023;12:56:04.500;-0.125;-0.219;-1.000;-175.5;1156.5;2254.5;;
1_S6;10/05/2023;12:56:04.600;-0.025;-0.175;-0.975;;;;;
1_S6;10/05/2023;12:56:04.700;0.044;-0.125;-0.957;;;;;
1_S6;10/05/2023;12:56:04.800;0.113;-0.175;-0.938;;;;;
1_S6;10/05/2023;12:56:04.900;0.188;-0.125;-0.938;;;;;
1_S6;10/05/2023;12:56:05.000;0.250;-0.188;-1.000;-414.0;1176.0;2254.5;24;
1_S6;10/05/2023;12:56:05.100;0.250;-0.188;-0.938;;;;;
1_S6;10/05/2023;12:56:05.200;0.250;-0.188;-0.875;;;;;
1_S6;10/05/2023;12:56:05.300;0.375;-0.125;-0.875;;;;;
1_S6;10/05/2023;12:56:05.400;0.438;-0.250;-0.875;;;;;
1_S6;10/05/2023;12:56:05.500;0.438;-0.188;-0.875;-459.0;1131.0;2148.0;;
1_S6;10/05/2023;12:56:05.600;0.500;-0.250;-0.875;;;;;
1_S6;10/05/2023;12:56:05.700;0.625;-0.250;-0.813;;;;;
1_S6;10/05/2023;12:56:05.800;0.563;-0.250;-0.688;;;;;
1_S6;10/05/2023;12:56:05.900;0.625;-0.250;-0.750;;;;;
1_S6;10/05/2023;12:56:06.000;0.625;-0.250;-0.688;-744.0;1278.0;2125.5;;
1_S6;10/05/2023;12:56:06.100;0.688;-0.188;-0.625;;;;;
1_S6;10/05/2023;12:56:06.200;0.750;-0.313;-0.563;;;;;
1_S6;10/05/2023;12:56:06.300;0.750;-0.250;-0.563;;;;;
1_S6;10/05/2023;12:56:06.400;0.875;-0.250;-0.438;;;;;
1_S6;10/05/2023;12:56:06.500;0.875;-0.250;-0.375;-745.5;1282.5;2026.5;;
1_S6;10/05/2023;12:56:06.600;0.875;-0.188;-0.250;;;;;
1_S6;10/05/2023;12:56:06.700;0.938;-0.250;-0.250;;;;;
1_S6;10/05/2023;12:56:06.800;0.875;-0.188;-0.188;;;;;
1_S6;10/05/2023;12:56:06.900;0.875;-0.125;-0.125;;;;;
1_S6;10/05/2023;12:56:07.000;0.938;-0.250;-0.125;-766.5;1278.0;1929.0;;
1_S6;10/05/2023;12:56:07.100;0.875;-0.188;-0.125;;;;;
1_S6;10/05/2023;12:56:07.200;0.875;-0.188;-0.125;;;;;
1_S6;10/05/2023;12:56:07.300;0.938;-0.250;-0.125;;;;;
1_S6;10/05/2023;12:56:07.400;0.875;-0.250;0.063;;;;;
1_S6;10/05/2023;12:56:07.500;0.875;-0.313;0.063;-841.5;1459.5;1899.0;;
1_S6;10/05/2023;12:56:07.600;0.875;-0.313;0.125;;;;;
1_S6;10/05/2023;12:56:07.700;0.875;-0.250;0.188;;;;;
1_S6;10/05/2023;12:56:07.800;0.875;-0.188;0.188;;;;;
1_S6;10/05/2023;12:56:07.900;0.813;-0.188;0.250;;;;;
1_S6;10/05/2023;12:56:08.000;0.875;-0.188;0.313;-631.5;1083.0;1584.0;;
1_S6;10/05/2023;12:56:08.100;0.363;-0.807;1.394;;;;;
1_S6;10/05/2023;12:56:08.200;0.813;-0.188;0.450;;;;;
1_S6;10/05/2023;12:56:08.300;0.794;-0.188;0.500;;;;;
1_S6;10/05/2023;12:56:08.400;0.750;-0.188;0.550;;;;;
1_S6;10/05/2023;12:56:08.500;0.719;-0.156;0.625;-489.0;1005.0;1461.0;;
1_S6;10/05/2023;12:56:08.600;0.725;-0.125;0.625;;;;;
1_S6;10/05/2023;12:56:08.700;0.750;-0.213;0.669;;;;;
1_S6;10/05/2023;12:56:08.800;0.700;-0.150;0.688;;;;;
1_S6;10/05/2023;12:56:08.900;0.625;0.000;0.688;;;;;
1_S6;10/05/2023;12:56:09.000;0.375;-0.188;0.750;-426.0;979.5;1447.5;;
1_S6;10/05/2023;12:56:09.100;0.500;-0.063;0.875;;;;;
1_S6;10/05/2023;12:56:09.200;0.438;-0.125;0.875;;;;;
1_S6;10/05/2023;12:56:09.300;0.375;-0.125;0.938;;;;;
1_S6;10/05/2023;12:56:09.400;0.375;-0.125;0.875;;;;;
1_S6;10/05/2023;12:56:09.500;0.250;-0.125;0.875;-247.5;958.5;1429.5;;
1_S6;10/05/2023;12:56:09.600;0.188;-0.063;0.938;;;;;
1_S6;10/05/2023;12:56:09.700;0.188;-0.125;1.000;;;;;
1_S6;10/05/2023;12:56:09.800;0.125;-0.125;0.938;;;;;
1_S6;10/05/2023;12:56:09.900;0.125;-0.188;1.188;;;;;
1_S6;10/05/2023;12:56:10.000;0.125;0.000;0.938;-148.5;928.5;1449.0;24;
1_S6;10/05/2023;12:56:10.100;0.063;-0.063;0.938;;;;;
1_S6;10/05/2023;12:56:10.200;0.000;-0.125;0.938;;;;;
1_S6;10/05/2023;12:56:10.300;-0.063;-0.125;0.938;;;;;
1_S6;10/05/2023;12:56:10.400;-0.125;-0.125;1.063;;;;;
1_S6;10/05/2023;12:56:10.500;-0.250;-0.125;0.938;-52.5;924.0;1494.0;;
1_S6;10/05/2023;12:56:10.600;-0.375;-0.125;0.938;;;;;
1_S6;10/05/2023;12:56:10.700;-0.375;-0.125;0.938;;;;;
1_S6;10/05/2023;12:56:10.800;-0.500;-0.125;0.875;;;;;
1_S6;10/05/2023;12:56:10.900;-0.500;-0.125;0.875;;;;;
1_S6;10/05/2023;12:56:11.000;-0.625;-0.125;0.813;61.5;940.5;1627.5;;
1_S6;10/05/2023;12:56:11.100;-0.625;-0.125;0.813;;;;;
1_S6;10/05/2023;12:56:11.200;-0.688;-0.125;0.688;;;;;
1_S6;10/05/2023;12:56:11.300;-0.750;-0.125;0.688;;;;;
1_S6;10/05/2023;12:56:11.400;-0.750;-0.125;0.688;;;;;
1_S6;10/05/2023;12:56:11.500;-0.813;-0.125;0.563;82.5;942.0;1767.0;;
1_S6;10/05/2023;12:56:11.600;-0.875;-0.125;0.563;;;;;
1_S6;10/05/2023;12:56:11.700;-0.875;-0.125;0.500;;;;;
1_S6;10/05/2023;12:56:11.800;-0.875;-0.125;0.438;;;;;
1_S6;10/05/2023;12:56:11.900;-0.938;-0.125;0.500;;;;;
1_S6;10/05/2023;12:56:12.000;-0.938;-0.063;0.375;31.5;963.0;1839.0;;
1_S6;10/05/2023;12:56:12.100;-0.938;-0.125;0.438;;;;;
1_S6;10/05/2023;12:56:12.200;-0.938;-0.125;0.313;;;;;
1_S6;10/05/2023;12:56:12.300;-1.000;0.000;0.375;;;;;
1_S6;10/05/2023;12:56:12.400;-0.938;-0.125;0.375;;;;;
1_S6;10/05/2023;12:56:12.500;-0.938;-0.125;0.250;-685.5;837.0;1669.5;;
1_S6;10/05/2023;12:56:12.600;-1.000;-0.125;0.188;;;;;
1_S6;10/05/2023;12:56:12.700;-0.938;-0.125;0.125;;;;;
1_S6;10/05/2023;12:56:12.800;-1.000;-0.063;0.063;;;;;
1_S6;10/05/2023;12:56:12.900;-1.000;0.000;0.063;;;;;
1_S6;10/05/2023;12:56:13.000;-1.000;0.063;-0.125;-744.0;834.0;1785.0;;
1_S6;10/05/2023;12:56:13.100;-1.000;0.119;-0.069;;;;;
1_S6;10/05/2023;12:56:13.200;-1.000;0.063;-0.125;;;;;
1_S6;10/05/2023;12:56:13.300;-1.000;0.063;-0.144;;;;;
1_S6;10/05/2023;12:56:13.400;-1.000;0.038;-0.188;;;;;
1_S6;10/05/2023;12:56:13.500;-1.000;-0.031;-0.219;-777.0;841.5;1861.5;;
1_S6;10/05/2023;12:56:13.600;-1.000;-0.025;-0.288;;;;;
1_S6;10/05/2023;12:56:13.700;-1.000;-0.088;-0.313;;;;;
1_S6;10/05/2023;12:56:13.800;-1.000;-0.075;-0.313;;;;;
1_S6;10/05/2023;12:56:13.900;-0.875;0.000;-0.313;;;;;
1_S6;10/05/2023;12:56:14.000;-0.938;-0.063;-0.438;-942.0;852.0;2038.5;;
1_S6;10/05/2023;12:56:14.100;-0.938;-0.063;-0.438;;;;;
1_S6;10/05/2023;12:56:14.200;-0.875;-0.125;-0.563;;;;;
1_S6;10/05/2023;12:56:14.300;-0.875;-0.063;-0.625;;;;;
1_S6;10/05/2023;12:56:14.400;-0.750;-0.125;-0.625;;;;;
1_S6;10/05/2023;12:56:14.500;-0.875;-0.188;-0.875;-1045.5;895.5;2109.0;;
1_S6;10/05/2023;12:56:14.600;-0.688;-0.188;-0.625;;;;;
1_S6;10/05/2023;12:56:14.700;-0.625;-0.125;-0.688;;;;;
1_S6;10/05/2023;12:56:14.800;-0.750;-0.125;-0.688;;;;;
1_S6;10/05/2023;12:56:14.900;-0.688;-0.125;-0.750;;;;;
1_S6;10/05/2023;12:56:15.000;-0.625;-0.063;-0.813;-1134.0;870.0;2116.5;24;
1_S6;10/05/2023;12:56:15.100;-0.688;-0.063;-0.938;;;;;
1_S6;10/05/2023;12:56:15.200;-0.625;-0.125;-0.938;;;;;
1_S6;10/05/2023;12:56:15.300;-0.563;-0.125;-0.938;;;;;
1_S6;10/05/2023;12:56:15.400;-0.438;-0.125;-0.875;;;;;
1_S6;10/05/2023;12:56:15.500;-0.438;-0.125;-1.000;-1252.5;883.5;2116.5;;
1_S6;10/05/2023;12:56:15.600;-0.313;-0.188;-0.938;;;;;
1_S6;10/05/2023;12:56:15.700;-0.250;-0.188;-0.938;;;;;
1_S6;10/05/2023;12:56:15.800;-0.125;-0.125;-0.938;;;;;
1_S6;10/05/2023;12:56:15.900;-0.125;-0.188;-1.000;;;;;
1_S6;10/05/2023;12:56:16.000;0.000;-0.188;-0.938;-1398.0;903.0;2061.0;;
1_S6;10/05/2023;12:56:16.100;0.000;-0.250;-0.938;;;;;
1_S6;10/05/2023;12:56:16.200;0.063;-0.250;-0.938;;;;;
1_S6;10/05/2023;12:56:16.300;0.188;-0.250;-1.000;;;;;
1_S6;10/05/2023;12:56:16.400;0.125;-0.188;-0.938;;;;;
1_S6;10/05/2023;12:56:16.500;0.313;-0.188;-0.938;-1521.0;871.5;1963.5;;
1_S6;10/05/2023;12:56:16.600;0.375;-0.188;-0.813;;;;;
1_S6;10/05/2023;12:56:16.700;0.438;-0.188;-0.750;;;;;
1_S6;10/05/2023;12:56:16.800;0.438;-0.250;-0.875;;;;;
1_S6;10/05/2023;12:56:16.900;0.563;-0.688;-0.688;;;;;
1_S6;10/05/2023;12:56:17.000;0.625;-0.250;-0.688;-456.0;957.0;2062.5;;
1_S6;10/05/2023;12:56:17.100;0.625;-0.188;-0.750;;;;;
1_S6;10/05/2023;12:56:17.200;0.625;-0.188;-0.625;;;;;
1_S6;10/05/2023;12:56:17.300;0.750;-0.188;-0.563;;;;;
1_S6;10/05/2023;12:56:17.400;0.813;-0.250;-0.438;;;;;
1_S6;10/05/2023;12:56:17.500;0.875;-0.188;-0.438;-640.5;1003.5;1950.0;;
1_S6;10/05/2023;12:56:17.600;0.938;-0.313;-0.250;;;;;
1_S6;10/05/2023;12:56:17.700;0.875;-0.188;-0.188;;;;;
1_S6;10/05/2023;12:56:17.800;0.938;-0.250;-0.125;;;;;
1_S6;10/05/2023;12:56:17.900;0.938;-0.188;0.063;;;;;
1_S6;10/05/2023;12:56:18.000;0.938;-0.250;0.125;-610.5;945.0;1785.0;;
1_S6;10/05/2023;12:56:18.100;0.938;-0.194;0.125;;;;;
1_S6;10/05/2023;12:56:18.200;0.925;-0.250;0.125;;;;;
1_S6;10/05/2023;12:56:18.300;0.894;-0.250;0.125;;;;;
1_S6;10/05/2023;12:56:18.400;0.938;-0.250;0.125;;;;;
1_S6;10/05/2023;12:56:18.500;0.938;-0.250;0.125;-595.5;939.0;1705.5;;
1_S6;10/05/2023;12:56:18.600;0.938;-0.250;0.125;;;;;
1_S6;10/05/2023;12:56:18.700;0.894;-0.206;0.125;;;;;
1_S6;10/05/2023;12:56:18.800;0.725;-0.138;0.175;;;;;
1_S6;10/05/2023;12:56:18.900;0.875;-0.313;0.188;;;;;
1_S6;10/05/2023;12:56:19.000;0.938;-0.250;0.250;-706.5;985.5;1591.5;;
1_S6;10/05/2023;12:56:19.100;0.750;-0.313;0.313;;;;;
1_S6;10/05/2023;12:56:19.200;0.813;-0.313;0.313;;;;;
1_S6;10/05/2023;12:56:19.300;0.813;-0.313;0.375;;;;;
1_S6;10/05/2023;12:56:19.400;0.750;-0.438;0.375;;;;;
1_S6;10/05/2023;12:56:19.500;1.250;-0.563;0.375;-628.5;1012.5;1545.0;;
1_S6;10/05/2023;12:56:19.600;0.375;-0.813;0.938;;;;;
1_S6;10/05/2023;12:56:19.700;0.375;-0.313;0.813;;;;;
1_S6;10/05/2023;12:56:19.800;0.438;-0.500;1.063;;;;;
1_S6;10/05/2023;12:56:19.900;0.313;-0.500;0.813;;;;;
1_S6;10/05/2023;12:56:20.000;0.125;-0.438;0.750;-502.5;1135.5;1398.0;24;
1_S6;10/05/2023;12:56:20.100;0.125;-0.438;0.875;;;;;
1_S6;10/05/2023;12:56:20.200;0.000;-0.375;0.938;;;;;
1_S6;10/05/2023;12:56:20.300;-0.063;-0.375;0.875;;;;;
1_S6;10/05/2023;12:56:20.400;0.000;-0.375;0.875;;;;;
1_S6;10/05/2023;12:56:20.500;-0.125;-0.438;1.000;-388.5;1072.5;1413.0;;
1_S6;10/05/2023;12:56:20.600;-0.125;-0.375;0.875;;;;;
1_S6;10/05/2023;12:56:20.700;-0.188;-0.500;0.875;;;;;
1_S6;10/05/2023;12:56:20.800;-0.188;-0.500;0.875;;;;;
1_S6;10/05/2023;12:56:20.900;-0.188;-0.438;0.875;;;;;
1_S6;10/05/2023;12:56:21.000;-0.250;-0.438;0.813;-390.0;1180.5;1440.0;;
1_S6;10/05/2023;12:56:21.100;-0.313;-0.438;0.813;;;;;
1_S6;10/05/2023;12:56:21.200;-0.313;-0.438;0.875;;;;;
1_S6;10/05/2023;12:56:21.300;-0.375;-0.500;0.813;;;;;
1_S6;10/05/2023;12:56:21.400;-0.500;-0.500;0.688;;;;;
1_S6;10/05/2023;12:56:21.500;-0.563;-0.438;0.688;-294.0;1204.5;1515.0;;
1_S6;10/05/2023;12:56:21.600;-0.500;-0.375;0.750;;;;;
1_S6;10/05/2023;12:56:21.700;-0.625;-0.438;0.750;;;;;
1_S6;10/05/2023;12:56:21.800;-0.625;-0.375;0.688;;;;;
1_S6;10/05/2023;12:56:21.900;-0.500;-0.375;0.563;;;;;
1_S6;10/05/2023;12:56:22.000;-0.625;-0.438;0.625;-288.0;1185.0;1560.0;;
1_S6;10/05/2023;12:56:22.100;-0.625;-0.431;0.744;;;;;
1_S6;10/05/2023;12:56:22.200;-0.638;-0.388;0.688;;;;;
1_S6;10/05/2023;12:56:22.300;-0.688;-0.400;0.669;;;;;
1_S6;10/05/2023;12:56:22.400;-0.713;-0.338;0.625;;;;;
1_S6;10/05/2023;12:56:22.500;-0.813;-0.344;0.563;-249.0;1168.5;1618.5;;
1_S6;10/05/2023;12:56:22.600;-0.913;-0.313;0.463;;;;;
1_S6;10/05/2023;12:56:22.700;-0.938;-0.269;0.306;;;;;
1_S6;10/05/2023;12:56:22.800;-0.988;-0.350;0.400;;;;;
1_S6;10/05/2023;12:56:22.900;-0.813;-0.250;0.313;;;;;
1_S6;10/05/2023;12:56:23.000;-0.938;-0.375;0.313;-651.0;840.0;1575.0;;
1_S6;10/05/2023;12:56:23.100;-1.000;-0.375;0.250;;;;;
1_S6;10/05/2023;12:56:23.200;-0.938;-0.375;0.188;;;;;
1_S6;10/05/2023;12:56:23.300;-0.875;-0.313;0.125;;;;;
1_S6;10/05/2023;12:56:23.400;-1.000;-0.313;0.063;;;;;
1_S6;10/05/2023;12:56:23.500;-1.000;-0.375;0.063;-660.0;853.5;1704.0;;
1_S6;10/05/2023;12:56:23.600;-0.938;-0.313;0.063;;;;;
1_S6;10/05/2023;12:56:23.700;-1.000;-0.313;0.000;;;;;
1_S6;10/05/2023;12:56:23.800;-0.938;-0.313;-0.125;;;;;
1_S6;10/05/2023;12:56:23.900;-0.938;-0.375;-0.125;;;;;
1_S6;10/05/2023;12:56:24.000;-0.875;-0.375;-0.125;-702.0;858.0;1722.0;;
1_S6;10/05/2023;12:56:24.100;-0.938;-0.250;-0.188;;;;;
1_S6;10/05/2023;12:56:24.200;-0.875;-0.375;-0.188;;;;;
1_S6;10/05/2023;12:56:24.300;-0.875;-0.438;-0.188;;;;;
1_S6;10/05/2023;12:56:24.400;-0.875;-0.500;-0.250;;;;;
1_S6;10/05/2023;12:56:24.500;-0.875;-0.438;-0.313;-753.0;903.0;1798.5;;
1_S6;10/05/2023;12:56:24.600;-0.938;-0.313;-0.313;;;;;
1_S6;10/05/2023;12:56:24.700;-0.938;-0.375;-0.250;;;;;
1_S6;10/05/2023;12:56:24.800;-0.875;-0.313;-0.313;;;;;
1_S6;10/05/2023;12:56:24.900;-0.813;-0.313;-0.313;;;;;
1_S6;10/05/2023;12:56:25.000;-0.875;-0.313;-0.438;-789.0;877.5;1849.5;24;
1_S6;10/05/2023;12:56:25.100;-0.938;-0.313;-0.500;;;;;
1_S6;10/05/2023;12:56:25.200;-0.813;-0.375;-0.500;;;;;
1_S6;10/05/2023;12:56:25.300;-0.813;-0.375;-0.563;;;;;
1_S6;10/05/2023;12:56:25.400;-0.750;-0.375;-0.563;;;;;
1_S6;10/05/2023;12:56:25.500;-0.688;-0.438;-0.625;-897.0;883.5;1923.0;;
1_S6;10/05/2023;12:56:25.600;-0.625;-0.375;-0.625;;;;;
1_S6;10/05/2023;12:56:25.700;-0.563;-0.375;-0.750;;;;;
1_S6;10/05/2023;12:56:25.800;-0.500;-0.375;-0.813;;;;;
1_S6;10/05/2023;12:56:25.900;-0.438;-0.375;-0.875;;;;;
1_S6;10/05/2023;12:56:26.000;-0.313;-0.375;-0.938;-1093.5;880.5;1978.5;;
1_S6;10/05/2023;12:56:26.100;-0.188;-0.375;-0.875;;;;;
1_S6;10/05/2023;12:56:26.200;-0.188;-0.375;-0.875;;;;;
1_S6;10/05/2023;12:56:26.300;-0.125;-0.438;-0.938;;;;;
1_S6;10/05/2023;12:56:26.400;-0.063;-0.438;-0.875;;;;;
1_S6;10/05/2023;12:56:26.500;-0.063;-0.375;-0.938;-1242.0;885.0;1954.5;;
1_S6;10/05/2023;12:56:26.600;0.000;-0.375;-0.938;;;;;
1_S6;10/05/2023;12:56:26.700;0.125;-0.188;-0.938;;;;;
1_S6;10/05/2023;12:56:26.800;-0.563;-1.063;-1.063;;;;;
1_S6;10/05/2023;12:56:26.900;0.250;-0.313;-0.875;;;;;
1_S6;10/05/2023;12:56:27.000;0.313;-0.313;-0.875;-307.5;1099.5;2259.0;;
1_S6;10/05/2023;12:56:27.100;0.388;-0.425;-0.807;;;;;
1_S6;10/05/2023;12:56:27.200;0.525;-0.313;-0.738;;;;;
1_S6;10/05/2023;12:56:27.300;0.625;-0.313;-0.669;;;;;
1_S6;10/05/2023;12:56:27.400;0.625;-0.338;-0.625;;;;;
1_S6;10/05/2023;12:56:27.500;0.656;-0.375;-0.656;-637.5;1017.0;2089.5;;
1_S6;10/05/2023;12:56:27.600;0.725;-0.300;-0.575;;;;;
1_S6;10/05/2023;12:56:27.700;0.794;-0.250;-0.500;;;;;
1_S6;10/05/2023;12:56:27.800;0.863;-0.150;-0.350;;;;;
1_S6;10/05/2023;12:56:27.900;0.875;-0.188;-0.438;;;;;
1_S6;10/05/2023;12:56:28.000;0.938;-0.125;-0.313;-715.5;1009.5;2005.5;;
1_S6;10/05/2023;12:56:28.100;0.875;-0.063;-0.250;;;;;
1_S6;10/05/2023;12:56:28.200;0.875;-0.063;-0.188;;;;;
1_S6;10/05/2023;12:56:28.300;0.938;0.063;-0.125;;;;;
1_S6;10/05/2023;12:56:28.400;1.250;0.188;0.125;;;;;
1_S6;10/05/2023;12:56:28.500;0.938;0.063;0.125;-513.0;682.5;1818.0;;
1_S6;10/05/2023;12:56:28.600;0.938;0.063;0.188;;;;;
1_S6;10/05/2023;12:56:28.700;0.938;0.063;0.375;;;;;
1_S6;10/05/2023;12:56:28.800;0.938;0.063;0.313;;;;;
1_S6;10/05/2023;12:56:28.900;0.938;0.063;0.438;;;;;
1_S6;10/05/2023;12:56:29.000;0.813;0.125;0.438;-498.0;702.0;1720.5;;
1_S6;10/05/2023;12:56:29.100;0.813;0.125;0.500;;;;;
1_S6;10/05/2023;12:56:29.200;0.875;0.063;0.500;;;;;
1_S6;10/05/2023;12:56:29.300;0.750;0.125;0.563;;;;;
1_S6;10/05/2023;12:56:29.400;0.813;0.188;0.500;;;;;
1_S6;10/05/2023;12:56:29.500;0.688;0.125;0.563;-492.0;688.5;1705.5;;
1_S6;10/05/2023;12:56:29.600;0.750;0.125;0.625;;;;;
1_S6;10/05/2023;12:56:29.700;0.688;0.125;0.688;;;;;
1_S6;10/05/2023;12:56:29.800;0.688;0.063;0.750;;;;;
1_S6;10/05/2023;12:56:29.900;0.625;0.125;0.750;;;;;
1_S6;10/05/2023;12:56:30.000;0.625;0.125;0.813;-456.0;714.0;1633.5;24;
1_S6;10/05/2023;12:56:30.100;0.563;0.125;0.875;;;;;
1_S6;10/05/2023;12:56:30.200;0.375;0.125;0.875;;;;;
1_S6;10/05/2023;12:56:30.300;0.313;0.188;0.938;;;;;
1_S6;10/05/2023;12:56:30.400;0.125;0.250;0.875;;;;;
1_S6;10/05/2023;12:56:30.500;0.063;0.250;1.063;-327.0;681.0;1527.0;;
1_S6;10/05/2023;12:56:30.600;0.000;0.250;1.000;;;;;
1_S6;10/05/2023;12:56:30.700;0.000;0.188;1.000;;;;;
1_S6;10/05/2023;12:56:30.800;0.000;0.313;1.000;;;;;
1_S6;10/05/2023;12:56:30.900;-0.125;0.250;0.938;;;;;
1_S6;10/05/2023;12:56:31.000;-0.063;0.250;0.938;-252.0;649.5;1515.0;;
1_S6;10/05/2023;12:56:31.100;-0.125;0.250;0.938;;;;;
1_S6;10/05/2023;12:56:31.200;-0.250;0.250;0.875;;;;;
1_S6;10/05/2023;12:56:31.300;-0.563;0.250;0.688;;;;;
1_S6;10/05/2023;12:56:31.400;-0.625;0.250;0.875;;;;;
1_S6;10/05/2023;12:56:31.500;-0.625;0.250;0.813;-174.0;510.0;1500.0;;
1_S6;10/05/2023;12:56:31.600;-0.688;0.250;0.750;;;;;
1_S6;10/05/2023;12:56:31.700;-0.750;0.313;0.688;;;;;
1_S6;10/05/2023;12:56:31.800;-0.750;0.250;0.625;;;;;
1_S6;10/05/2023;12:56:31.900;-0.813;0.250;0.438;;;;;
1_S6;10/05/2023;12:56:32.000;-0.875;0.313;0.375;-70.5;492.0;1594.5;;
1_S6;10/05/2023;12:56:32.100;-0.938;0.313;0.306;;;;;
1_S6;10/05/2023;12:56:32.200;-0.938;0.325;0.250;;;;;
1_S6;10/05/2023;12:56:32.300;-0.957;0.356;0.213;;;;;
1_S6;10/05/2023;12:56:32.400;-0.975;0.313;0.125;;;;;
1_S6;10/05/2023;12:56:32.500;-0.969;0.313;0.094;-30.0;481.5;1666.5;;
1_S6;10/05/2023;12:56:32.600;-1.000;0.275;0.025;;;;;
1_S6;10/05/2023;12:56:32.700;-0.957;0.206;0.044;;;;;
1_S6;10/05/2023;12:56:32.800;-0.988;0.338;-0.088;;;;;
1_S6;10/05/2023;12:56:32.900;-1.000;0.250;-0.125;;;;;
1_S6;10/05/2023;12:56:33.000;-0.938;0.250;-0.125;-34.5;484.5;1758.0;;
1_S6;10/05/2023;12:56:33.100;-0.938;0.250;-0.250;;;;;
1_S6;10/05/2023;12:56:33.200;-0.938;0.250;-0.313;;;;;
1_S6;10/05/2023;12:56:33.300;-0.938;0.313;-0.438;;;;;
1_S6;10/05/2023;12:56:33.400;-0.875;0.250;-0.500;;;;;
1_S6;10/05/2023;12:56:33.500;-0.875;0.250;-0.625;-15.0;513.0;1833.0;;
1_S6;10/05/2023;12:56:33.600;-0.750;0.188;-0.625;;;;;
1_S6;10/05/2023;12:56:33.700;-0.813;0.188;-0.688;;;;;
1_S6;10/05/2023;12:56:33.800;-0.688;0.313;-0.500;;;;;
1_S6;10/05/2023;12:56:33.900;-0.688;0.188;-0.875;;;;;
1_S6;10/05/2023;12:56:34.000;-0.500;0.188;-0.875;211.5;1171.5;2091.0;;
1_S6;10/05/2023;12:56:34.100;-0.313;0.125;-1.000;;;;;
1_S6;10/05/2023;12:56:34.200;-0.375;0.250;-0.938;;;;;
1_S6;10/05/2023;12:56:34.300;-0.250;0.250;-1.000;;;;;
1_S6;10/05/2023;12:56:34.400;-0.250;0.250;-0.938;;;;;
1_S6;10/05/2023;12:56:34.500;-0.250;0.125;-0.938;136.5;706.5;2098.5;;
1_S6;10/05/2023;12:56:34.600;-0.125;0.250;-1.000;;;;;
1_S6;10/05/2023;12:56:34.700;0.000;0.188;-1.000;;;;;
1_S6;10/05/2023;12:56:34.800;0.063;0.188;-1.000;;;;;
1_S6;10/05/2023;12:56:34.900;0.125;0.125;-1.000;;;;;
1_S6;10/05/2023;12:56:35.000;0.250;0.125;-0.938;-94.5;801.0;2226.0;24;
1_S6;10/05/2023;12:56:35.100;0.313;0.125;-0.938;;;;;
1_S6;10/05/2023;12:56:35.200;0.313;0.063;-0.938;;;;;
1_S6;10/05/2023;12:56:35.300;0.438;0.125;-0.813;;;;;
1_S6;10/05/2023;12:56:35.400;0.500;0.125;-0.875;;;;;
1_S6;10/05/2023;12:56:35.500;0.563;0.125;-0.750;-244.5;711.0;2173.5;;
1_S6;10/05/2023;12:56:35.600;0.625;0.063;-0.813;;;;;
1_S6;10/05/2023;12:56:35.700;0.688;0.063;-0.688;;;;;
1_S6;10/05/2023;12:56:35.800;0.750;0.063;-0.625;;;;;
1_S6;10/05/2023;12:56:35.900;0.813;0.063;-0.563;;;;;
1_S6;10/05/2023;12:56:36.000;0.813;0.063;-0.500;-441.0;720.0;2101.5;;
1_S6;10/05/2023;12:56:36.100;0.875;0.063;-0.375;;;;;
1_S6;10/05/2023;12:56:36.200;0.938;0.063;-0.313;;;;;
1_S6;10/05/2023;12:56:36.300;0.938;0.125;-0.250;;;;;
1_S6;10/05/2023;12:56:36.400;0.938;0.063;-0.188;;;;;
1_S6;10/05/2023;12:56:36.500;0.938;0.125;-0.125;-450.0;675.0;1947.0;;
1_S6;10/05/2023;12:56:36.600;0.938;0.125;0.000;;;;;
1_S6;10/05/2023;12:56:36.700;0.938;0.063;0.063;;;;;
1_S6;10/05/2023;12:56:36.800;0.938;0.063;0.125;;;;;
1_S6;10/05/2023;12:56:36.900;0.938;0.063;0.125;;;;;
1_S6;10/05/2023;12:56:37.000;0.938;0.000;0.250;-463.5;670.5;1834.5;;
1_S6;10/05/2023;12:56:37.100;0.869;0.006;0.319;;;;;
1_S6;10/05/2023;12:56:37.200;0.825;0.063;0.413;;;;;
1_S6;10/05/2023;12:56:37.300;0.838;0.063;0.600;;;;;
1_S6;10/05/2023;12:56:37.400;0.725;0.063;0.688;;;;;
1_S6;10/05/2023;12:56:37.500;0.656;0.063;0.719;-444.0;715.5;1699.5;;
1_S6;10/05/2023;12:56:37.600;0.588;0.025;0.788;;;;;
1_S6;10/05/2023;12:56:37.700;0.475;0.044;0.857;;;;;
1_S6;10/05/2023;12:56:37.800;0.338;0.063;0.925;;;;;
1_S6;10/05/2023;12:56:37.900;0.250;0.063;0.875;;;;;
1_S6;10/05/2023;12:56:38.000;0.250;0.125;0.875;-423.0;766.5;1569.0;;
1_S6;10/05/2023;12:56:38.100;0.188;0.188;0.875;;;;;
1_S6;10/05/2023;12:56:38.200;0.125;0.250;0.938;;;;;
1_S6;10/05/2023;12:56:38.300;0.063;0.313;1.000;;;;;
1_S6;10/05/2023;12:56:38.400;0.063;0.250;0.938;;;;;
1_S6;10/05/2023;12:56:38.500;0.000;0.250;0.938;-339.0;705.0;1527.0;;
1_S6;10/05/2023;12:56:38.600;0.000;0.188;1.000;;;;;
1_S6;10/05/2023;12:56:38.700;-0.063;0.188;1.000;;;;;
1_S6;10/05/2023;12:56:38.800;-0.063;0.188;0.938;;;;;
1_S6;10/05/2023;12:56:38.900;-0.063;0.188;1.000;;;;;
1_S6;10/05/2023;12:56:39.000;-0.125;0.125;1.000;-324.0;744.0;1456.5;;
1_S6;10/05/2023;12:56:39.100;-0.125;0.188;1.000;;;;;
1_S6;10/05/2023;12:56:39.200;-0.188;0.188;1.000;;;;;
1_S6;10/05/2023;12:56:39.300;-0.250;0.188;0.938;;;;;
1_S6;10/05/2023;12:56:39.400;-0.313;0.250;0.875;;;;;
1_S6;10/05/2023;12:56:39.500;-0.313;0.313;0.875;-232.5;766.5;1431.0;;
1_S6;10/05/2023;12:56:39.600;-0.438;0.188;1.063;;;;;
1_S6;10/05/2023;12:56:39.700;-0.438;0.313;0.875;;;;;
1_S6;10/05/2023;12:56:39.800;-0.500;0.188;0.750;;;;;
1_S6;10/05/2023;12:56:39.900;-0.625;0.188;0.813;;;;;
1_S6;10/05/2023;12:56:40.000;-0.750;0.375;0.750;-45.0;691.5;1420.5;24;
1_S6;10/05/2023;12:56:40.100;-0.750;0.125;0.625;;;;;
1_S6;10/05/2023;12:56:40.200;-0.813;0.188;0.500;;;;;
1_S6;10/05/2023;12:56:40.300;-0.813;0.125;0.563;;;;;
1_S6;10/05/2023;12:56:40.400;-0.875;0.188;0.563;;;;;
1_S6;10/05/2023;12:56:40.500;-0.938;0.188;0.438;150.0;721.5;1456.5;;
1_S6;10/05/2023;12:56:40.600;-1.063;0.250;0.375;;;;;
1_S6;10/05/2023;12:56:40.700;-1.000;0.313;0.188;;;;;
1_S6;10/05/2023;12:56:40.800;-1.000;0.188;0.063;;;;;
1_S6;10/05/2023;12:56:40.900;-1.000;0.250;-0.125;;;;;
1_S6;10/05/2023;12:56:41.000;-1.063;0.250;-0.125;441.0;724.5;1572.0;;
1_S6;10/05/2023;12:56:41.100;-1.063;0.181;-0.131;;;;;
1_S6;10/05/2023;12:56:41.200;-1.038;0.125;-0.188;;;;;
1_S6;10/05/2023;12:56:41.300;-0.938;0.125;-0.244;;;;;
1_S6;10/05/2023;12:56:41.400;-0.913;0.150;-0.425;;;;;
1_S6;10/05/2023;12:56:41.500;-0.875;0.188;-0.594;516.0;742.5;1747.5;;
1_S6;10/05/2023;12:56:41.600;-0.800;0.188;-0.650;;;;;
1_S6;10/05/2023;12:56:41.700;-0.750;0.188;-0.669;;;;;
1_S6;10/05/2023;12:56:41.800;-0.700;0.188;-0.738;;;;;
1_S6;10/05/2023;12:56:41.900;-0.688;0.188;-0.750;;;;;
1_S6;10/05/2023;12:56:42.000;-0.563;0.188;-0.750;427.5;823.5;1911.0;;
1_S6;10/05/2023;12:56:42.100;-0.563;0.188;-0.813;;;;;
1_S6;10/05/2023;12:56:42.200;-0.375;0.188;-0.813;;;;;
1_S6;10/05/2023;12:56:42.300;-0.438;0.250;-0.938;;;;;
1_S6;10/05/2023;12:56:42.400;-0.313;0.188;-0.938;;;;;
1_S6;10/05/2023;12:56:42.500;-0.250;0.188;-1.000;378.0;838.5;2056.5;;
1_S6;10/05/2023;12:56:42.600;-0.188;0.188;-1.000;;;;;
1_S6;10/05/2023;12:56:42.700;-0.188;0.250;-1.000;;;;;
1_S6;10/05/2023;12:56:42.800;-0.125;0.188;-0.938;;;;;
1_S6;10/05/2023;12:56:42.900;-0.125;0.125;-0.938;;;;;
1_S6;10/05/2023;12:56:43.000;-0.125;0.188;-0.938;264.0;867.0;2137.5;;
1_S6;10/05/2023;12:56:43.100;-0.125;0.188;-1.000;;;;;
1_S6;10/05/2023;12:56:43.200;0.000;0.188;-1.000;;;;;
1_S6;10/05/2023;12:56:43.300;0.000;0.188;-1.000;;;;;
1_S6;10/05/2023;12:56:43.400;0.000;0.188;-1.000;;;;;
1_S6;10/05/2023;12:56:43.500;0.000;0.188;-1.000;217.5;883.5;2191.5;;
1_S6;10/05/2023;12:56:43.600;0.125;0.250;-0.938;;;;;
1_S6;10/05/2023;12:56:43.700;0.188;0.313;-0.938;;;;;
1_S6;10/05/2023;12:56:43.800;0.250;0.250;-0.875;;;;;
1_S6;10/05/2023;12:56:43.900;0.250;0.250;-1.000;;;;;
1_S6;10/05/2023;12:56:44.000;0.313;0.250;-0.938;82.5;843.0;2235.0;;
1_S6;10/05/2023;12:56:44.100;0.313;0.250;-0.875;;;;;
1_S6;10/05/2023;12:56:44.200;0.438;0.188;-0.875;;;;;
1_S6;10/05/2023;12:56:44.300;0.438;0.125;-0.813;;;;;
1_S6;10/05/2023;12:56:44.400;0.563;0.188;-0.750;;;;;
1_S6;10/05/2023;12:56:44.500;0.688;0.188;-0.625;-135.0;895.5;2265.0;;
1_S6;10/05/2023;12:56:44.600;0.750;0.125;-0.625;;;;;
1_S6;10/05/2023;12:56:44.700;0.750;0.125;-0.563;;;;;
1_S6;10/05/2023;12:56:44.800;0.750;0.125;-0.438;;;;;
1_S6;10/05/2023;12:56:44.900;0.875;0.125;-0.500;;;;;
1_S6;10/05/2023;12:56:45.000;0.813;0.125;-0.438;-352.5;934.5;2233.5;24;
1_S6;10/05/2023;12:56:45.100;0.875;0.125;-0.375;;;;;
1_S6;10/05/2023;12:56:45.200;0.875;0.125;-0.313;;;;;
1_S6;10/05/2023;12:56:45.300;0.938;0.125;-0.313;;;;;
1_S6;10/05/2023;12:56:45.400;0.875;0.125;-0.375;;;;;
1_S6;10/05/2023;12:56:45.500;0.938;0.125;-0.313;-394.5;934.5;2178.0;;
1_S6;10/05/2023;12:56:45.600;0.875;0.125;-0.313;;;;;
1_S6;10/05/2023;12:56:45.700;0.938;0.188;-0.250;;;;;
1_S6;10/05/2023;12:56:45.800;0.875;0.125;-0.125;;;;;
1_S6;10/05/2023;12:56:45.900;0.938;0.188;-0.188;;;;;
1_S6;10/05/2023;12:56:46.000;0.938;0.125;-0.188;-465.0;919.5;2125.5;;
1_S6;10/05/2023;12:56:46.100;0.944;0.125;-0.125;;;;;
1_S6;10/05/2023;12:56:46.200;0.988;0.125;-0.113;;;;;
1_S6;10/05/2023;12:56:46.300;0.938;0.125;-0.044;;;;;
1_S6;10/05/2023;12:56:46.400;0.938;0.125;0.000;;;;;
1_S6;10/05/2023;12:56:46.500;0.938;0.156;0.031;-543.0;942.0;2038.5;;
1_S6;10/05/2023;12:56:46.600;0.938;0.150;0.063;;;;;
1_S6;10/05/2023;12:56:46.700;0.982;0.125;0.063;;;;;
1_S6;10/05/2023;12:56:46.800;0.950;0.125;0.113;;;;;
1_S6;10/05/2023;12:56:46.900;0.938;0.125;0.063;;;;;
1_S6;10/05/2023;12:56:47.000;0.938;0.188;0.063;-543.0;951.0;2026.5;;
1_S6;10/05/2023;12:56:47.100;0.938;0.125;0.125;;;;;
1_S6;10/05/2023;12:56:47.200;0.938;0.125;0.125;;;;;
1_S6;10/05/2023;12:56:47.300;0.938;0.125;0.188;;;;;
1_S6;10/05/2023;12:56:47.400;0.938;0.125;0.125;;;;;
1_S6;10/05/2023;12:56:47.500;0.875;0.125;0.188;-562.5;949.5;1990.5;;
1_S6;10/05/2023;12:56:47.600;0.938;0.125;0.250;;;;;
1_S6;10/05/2023;12:56:47.700;0.875;0.125;0.250;;;;;
1_S6;10/05/2023;12:56:47.800;0.938;0.188;0.313;;;;;
1_S6;10/05/2023;12:56:47.900;0.875;0.125;0.375;;;;;
1_S6;10/05/2023;12:56:48.000;0.875;0.125;0.438;-580.5;925.5;1906.5;;
1_S6;10/05/2023;12:56:48.100;0.813;0.125;0.563;;;;;
1_S6;10/05/2023;12:56:48.200;0.813;0.063;0.500;;;;;
1_S6;10/05/2023;12:56:48.300;0.813;0.063;0.563;;;;;
1_S6;10/05/2023;12:56:48.400;0.750;0.063;0.500;;;;;
1_S6;10/05/2023;12:56:48.500;0.750;0.063;0.625;-601.5;946.5;1804.5;;
1_S6;10/05/2023;12:56:48.600;0.688;0.063;0.625;;;;;
1_S6;10/05/2023;12:56:48.700;0.688;0.000;0.688;;;;;
1_S6;10/05/2023;12:56:48.800;0.625;0.063;0.688;;;;;
1_S6;10/05/2023;12:56:48.900;0.625;0.063;0.750;;;;;
1_S6;10/05/2023;12:56:49.000;0.688;0.063;0.750;-660.0;1002.0;1722.0;;
1_S6;10/05/2023;12:56:49.100;0.625;0.063;0.813;;;;;
1_S6;10/05/2023;12:56:49.200;0.500;0.063;0.875;;;;;
1_S6;10/05/2023;12:56:49.300;0.500;0.063;0.813;;;;;
1_S6;10/05/2023;12:56:49.400;0.438;0.063;0.938;;;;;
1_S6;10/05/2023;12:56:49.500;0.438;0.125;0.875;-598.5;1027.5;1630.5;;
1_S6;10/05/2023;12:56:49.600;0.375;0.063;0.875;;;;;
1_S6;10/05/2023;12:56:49.700;0.375;0.125;0.875;;;;;
1_S6;10/05/2023;12:56:49.800;0.313;0.125;0.875;;;;;
1_S6;10/05/2023;12:56:49.900;0.375;0.125;0.938;;;;;
1_S6;10/05/2023;12:56:50.000;0.313;0.125;0.875;-519.0;976.5;1575.0;24;
1_S6;10/05/2023;12:56:50.100;0.313;0.063;0.938;;;;;
1_S6;10/05/2023;12:56:50.200;0.313;0.063;1.000;;;;;
1_S6;10/05/2023;12:56:50.300;0.250;0.125;0.938;;;;;
1_S6;10/05/2023;12:56:50.400;0.313;0.000;1.000;;;;;
1_S6;10/05/2023;12:56:50.500;0.250;-0.063;0.938;-469.5;1039.5;1581.0;;
1_S6;10/05/2023;12:56:50.600;0.250;-0.063;0.938;;;;;
1_S6;10/05/2023;12:56:50.700;0.188;0.000;0.938;;;;;
1_S6;10/05/2023;12:56:50.800;0.250;-0.063;1.000;;;;;
1_S6;10/05/2023;12:56:50.900;0.250;0.000;0.938;;;;;
1_S6;10/05/2023;12:56:51.000;0.250;-0.063;0.938;-490.5;1023.0;1548.0;;
1_S6;10/05/2023;12:56:51.100;0.256;-0.006;0.994;;;;;
1_S6;10/05/2023;12:56:51.200;0.300;-0.038;0.950;;;;;
1_S6;10/05/2023;12:56:51.300;0.250;0.044;0.982;;;;;
1_S6;10/05/2023;12:56:51.400;0.250;0.000;0.963;;;;;
1_S6;10/05/2023;12:56:51.500;0.250;0.000;0.969;-480.0;994.5;1546.5;;
1_S6;10/05/2023;12:56:51.600;0.288;0.000;0.938;;;;;
1_S6;10/05/2023;12:56:51.700;0.313;-0.044;0.938;;;;;
1_S6;10/05/2023;12:56:51.800;0.163;-0.113;0.938;;;;;
1_S6;10/05/2023;12:56:51.900;0.063;-0.063;0.938;;;;;
1_S6;10/05/2023;12:56:52.000;0.188;-0.188;0.938;-457.5;1104.0;1572.0;;
1_S6;10/05/2023;12:56:52.100;0.188;-0.313;1.000;;;;;
1_S6;10/05/2023;12:56:52.200;0.125;-0.250;0.875;;;;;
1_S6;10/05/2023;12:56:52.300;0.125;-0.250;0.938;;;;;
1_S6;10/05/2023;12:56:52.400;0.000;-0.375;0.875;;;;;
1_S6;10/05/2023;12:56:52.500;-0.063;-0.375;0.875;-424.5;1167.0;1585.5;;
1_S6;10/05/2023;12:56:52.600;-0.063;-0.438;0.875;;;;;
1_S6;10/05/2023;12:56:52.700;-0.063;-0.500;0.875;;;;;
1_S6;10/05/2023;12:56:52.800;-0.125;-0.500;0.875;;;;;
1_S6;10/05/2023;12:56:52.900;-0.125;-0.625;0.875;;;;;
1_S6;10/05/2023;12:56:53.000;-0.188;-0.625;0.750;-706.5;1428.0;1570.5;;
1_S6;10/05/2023;12:56:53.100;-0.188;-0.688;0.688;;;;;
1_S6;10/05/2023;12:56:53.200;-0.125;-0.813;0.563;;;;;
1_S6;10/05/2023;12:56:53.300;-0.188;-0.813;0.563;;;;;
1_S6;10/05/2023;12:56:53.400;-0.188;-0.813;0.500;;;;;
1_S6;10/05/2023;12:56:53.500;-0.125;-0.875;0.375;-775.5;1560.0;1674.0;;
1_S6;10/05/2023;12:56:53.600;-0.250;-0.875;0.500;;;;;
1_S6;10/05/2023;12:56:53.700;0.000;-0.500;0.250;;;;;
1_S6;10/05/2023;12:56:53.800;-0.125;-0.875;0.438;;;;;
1_S6;10/05/2023;12:56:53.900;-0.125;-0.875;0.250;;;;;
1_S6;10/05/2023;12:56:54.000;-0.125;-1.000;0.188;-820.5;1564.5;1732.5;;
1_S6;10/05/2023;12:56:54.100;-0.125;-1.000;0.188;;;;;
1_S6;10/05/2023;12:56:54.200;-0.063;-0.938;0.125;;;;;
1_S6;10/05/2023;12:56:54.300;-0.063;-0.938;0.063;;;;;
1_S6;10/05/2023;12:56:54.400;-0.125;-1.063;-0.063;;;;;
1_S6;10/05/2023;12:56:54.500;-0.063;-1.000;-0.125;-850.5;1509.0;1825.5;;
1_S6;10/05/2023;12:56:54.600;-0.063;-1.063;-0.250;;;;;
1_S6;10/05/2023;12:56:54.700;0.000;-0.938;-0.250;;;;;
1_S6;10/05/2023;12:56:54.800;-0.063;-0.938;-0.375;;;;;
1_S6;10/05/2023;12:56:54.900;-0.063;-0.813;-0.438;;;;;
1_S6;10/05/2023;12:56:55.000;0.125;-1.000;-0.313;-925.5;2155.5;2392.5;24;
1_S6;10/05/2023;12:56:55.100;-0.006;-0.688;-0.694;;;;;
1_S6;10/05/2023;12:56:55.200;-0.050;-0.663;-0.775;;;;;
1_S6;10/05/2023;12:56:55.300;0.000;-0.544;-0.875;;;;;
1_S6;10/05/2023;12:56:55.400;0.000;-0.475;-0.875;;;;;
1_S6;10/05/2023;12:56:55.500;0.063;-0.406;-0.875;-519.0;1689.0;2505.0;;
1_S6;10/05/2023;12:56:55.600;0.163;-0.338;-0.875;;;;;
1_S6;10/05/2023;12:56:55.700;0.144;-0.356;-0.875;;;;;
1_S6;10/05/2023;12:56:55.800;0.125;-0.375;-0.875;;;;;
1_S6;10/05/2023;12:56:55.900;0.000;-0.250;-0.938;;;;;
1_S6;10/05/2023;12:56:56.000;0.125;-0.188;-1.000;-403.5;1290.0;2292.0;;
1_S6;10/05/2023;12:56:56.100;0.125;0.000;-1.000;;;;;
1_S6;10/05/2023;12:56:56.200;0.125;0.250;-0.938;;;;;
1_S6;10/05/2023;12:56:56.300;0.000;0.375;-1.000;;;;;
1_S6;10/05/2023;12:56:56.400;0.000;0.500;-0.813;;;;;
1_S6;10/05/2023;12:56:56.500;0.000;0.688;-0.750;-250.5;727.5;2082.0;;
1_S6;10/05/2023;12:56:56.600;0.063;0.750;-0.813;;;;;
1_S6;10/05/2023;12:56:56.700;0.063;0.813;-0.688;;;;;
1_S6;10/05/2023;12:56:56.800;0.063;0.875;-0.688;;;;;
1_S6;10/05/2023;12:56:56.900;0.000;0.875;-0.563;;;;;
1_S6;10/05/2023;12:56:57.000;0.000;1.000;-0.500;-217.5;592.5;1941.0;;
1_S6;10/05/2023;12:56:57.100;0.000;1.000;-0.438;;;;;
1_S6;10/05/2023;12:56:57.200;0.000;1.000;-0.375;;;;;
1_S6;10/05/2023;12:56:57.300;0.000;1.063;-0.250;;;;;
1_S6;10/05/2023;12:56:57.400;0.000;1.063;-0.250;;;;;
1_S6;10/05/2023;12:56:57.500;0.000;1.063;-0.125;-181.5;489.0;1795.5;;
1_S6;10/05/2023;12:56:57.600;0.000;1.063;0.063;;;;;
1_S6;10/05/2023;12:56:57.700;0.000;1.063;-0.063;;;;;
1_S6;10/05/2023;12:56:57.800;0.125;1.063;0.063;;;;;
1_S6;10/05/2023;12:56:57.900;0.125;1.063;0.125;;;;;
1_S6;10/05/2023;12:56:58.000;0.063;1.063;0.188;-229.5;529.5;1662.0;;
1_S6;10/05/2023;12:56:58.100;0.000;1.000;0.375;;;;;
1_S6;10/05/2023;12:56:58.200;0.000;1.063;0.250;;;;;
1_S6;10/05/2023;12:56:58.300;0.000;0.938;0.438;;;;;
1_S6;10/05/2023;12:56:58.400;0.063;1.063;0.438;;;;;
1_S6;10/05/2023;12:56:58.500;0.000;0.938;0.563;-195.0;571.5;1554.0;;
1_S6;10/05/2023;12:56:58.600;0.000;0.875;0.625;;;;;
1_S6;10/05/2023;12:56:58.700;-0.063;0.813;0.688;;;;;
1_S6;10/05/2023;12:56:58.800;-0.063;0.813;0.688;;;;;
1_S6;10/05/2023;12:56:58.900;-0.188;0.813;0.813;;;;;
1_S6;10/05/2023;12:56:59.000;-0.063;0.625;0.813;-159.0;631.5;1474.5;;
1_S6;10/05/2023;12:56:59.100;0.000;0.438;1.000;;;;;
1_S6;10/05/2023;12:56:59.200;0.000;0.375;0.875;;;;;
1_S6;10/05/2023;12:56:59.300;0.063;0.313;0.938;;;;;
1_S6;10/05/2023;12:56:59.400;0.125;0.125;0.938;;;;;
1_S6;10/05/2023;12:56:59.500;0.000;0.063;1.000;-232.5;859.5;1458.0;;
1_S6;10/05/2023;12:56:59.600;0.063;-0.125;1.000;;;;;
1_S6;10/05/2023;12:56:59.700;0.125;-0.125;1.000;;;;;
1_S6;10/05/2023;12:56:59.800;0.063;-0.250;0.938;;;;;
1_S6;10/05/2023;12:56:59.900;0.000;-0.625;0.875;;;;;
1_S6;10/05/2023;12:57:00.000;0.063;-0.813;0.500;-220.5;1159.5;1674.0;24;
1_S6;10/05/2023;12:57:00.100;0.119;-0.932;0.494;;;;;
1_S6;10/05/2023;12:57:00.200;-0.013;-0.675;0.638;;;;;
1_S6;10/05/2023;12:57:00.300;-0.200;-0.175;1.119;;;;;
1_S6;10/05/2023;12:57:00.400;0.063;-0.900;0.350;;;;;
1_S6;10/05/2023;12:57:00.500;0.063;-0.938;0.313;-582.0;1365.0;1831.5;;
1_S6;10/05/2023;12:57:00.600;0.025;-0.975;0.275;;;;;
1_S6;10/05/2023;12:57:00.700;0.044;-0.957;0.163;;;;;
1_S6;10/05/2023;12:57:00.800;0.063;-0.938;0.125;;;;;
1_S6;10/05/2023;12:57:00.900;0.063;-0.938;0.063;;;;;
1_S6;10/05/2023;12:57:01.000;0.063;-1.000;0.063;-624.0;1371.0;1969.5;;
1_S6;10/05/2023;12:57:01.100;0.000;-0.938;-0.188;;;;;
1_S6;10/05/2023;12:57:01.200;0.000;-1.063;-0.250;;;;;
1_S6;10/05/2023;12:57:01.300;0.063;-0.938;-0.250;;;;;
1_S6;10/05/2023;12:57:01.400;0.313;-0.813;-0.313;;;;;
1_S6;10/05/2023;12:57:01.500;0.188;-0.813;-0.500;-1027.5;2880.0;2419.5;;
1_S6;10/05/2023;12:57:01.600;0.125;-0.750;-0.500;;;;;
1_S6;10/05/2023;12:57:01.700;0.188;-0.750;-0.563;;;;;
1_S6;10/05/2023;12:57:01.800;0.125;-0.813;-0.625;;;;;
1_S6;10/05/2023;12:57:01.900;0.125;-0.750;-0.625;;;;;
1_S6;10/05/2023;12:57:02.000;0.125;-0.688;-0.750;-739.5;2131.5;2598.0;;
1_S6;10/05/2023;12:57:02.100;0.063;-0.625;-0.813;;;;;
1_S6;10/05/2023;12:57:02.200;0.000;-0.500;-0.875;;;;;
1_S6;10/05/2023;12:57:02.300;0.000;-0.438;-0.875;;;;;
1_S6;10/05/2023;12:57:02.400;-0.063;-0.375;-0.875;;;;;
1_S6;10/05/2023;12:57:02.500;0.000;-0.250;-1.000;-298.5;1306.5;2445.0;;
1_S6;10/05/2023;12:57:02.600;0.000;-0.250;-1.000;;;;;
1_S6;10/05/2023;12:57:02.700;-0.125;-0.250;-1.125;;;;;
1_S6;10/05/2023;12:57:02.800;0.000;0.000;-0.938;;;;;
1_S6;10/05/2023;12:57:02.900;0.063;0.125;-1.000;;;;;
1_S6;10/05/2023;12:57:03.000;-0.063;0.125;-1.000;-166.5;780.0;2175.0;;
1_S6;10/05/2023;12:57:03.100;0.000;0.188;-1.063;;;;;
1_S6;10/05/2023;12:57:03.200;-0.125;0.250;-1.000;;;;;
1_S6;10/05/2023;12:57:03.300;-0.063;0.250;-1.000;;;;;
1_S6;10/05/2023;12:57:03.400;-0.125;0.375;-1.125;;;;;
1_S6;10/05/2023;12:57:03.500;0.000;0.563;-1.063;-103.5;609.0;2047.5;;
1_S6;10/05/2023;12:57:03.600;-0.063;0.438;-0.875;;;;;
1_S6;10/05/2023;12:57:03.700;-0.063;0.563;-0.875;;;;;
1_S6;10/05/2023;12:57:03.800;0.000;0.688;-0.813;;;;;
1_S6;10/05/2023;12:57:03.900;0.000;0.625;-0.813;;;;;
1_S6;10/05/2023;12:57:04.000;0.000;0.750;-0.813;-111.0;495.0;1900.5;;
1_S6;10/05/2023;12:57:04.100;0.000;0.813;-0.813;;;;;
1_S6;10/05/2023;12:57:04.200;0.000;0.813;-0.625;;;;;
1_S6;10/05/2023;12:57:04.300;0.063;0.875;-0.625;;;;;
1_S6;10/05/2023;12:57:04.400;0.125;0.938;-0.625;;;;;
1_S6;10/05/2023;12:57:04.500;0.125;0.938;-0.563;-130.5;433.5;1771.5;;
1_S6;10/05/2023;12:57:04.600;0.125;0.938;-0.563;;;;;
1_S6;10/05/2023;12:57:04.700;0.188;1.000;-0.375;;;;;
1_S6;10/05/2023;12:57:04.800;0.250;1.000;-0.188;;;;;
1_S6;10/05/2023;12:57:04.900;0.250;1.000;-0.188;;;;;
1_S6;10/05/2023;12:57:05.000;0.250;1.000;-0.125;-148.5;459.0;1600.5;24;
1_S6;10/05/2023;12:57:05.100;0.250;1.000;0.075;;;;;
1_S6;10/05/2023;12:57:05.200;0.250;0.988;0.213;;;;;
1_S6;10/05/2023;12:57:05.300;0.250;0.938;0.369;;;;;
1_S6;10/05/2023;12:57:05.400;0.275;0.888;0.475;;;;;
1_S6;10/05/2023;12:57:05.500;0.313;0.813;0.500;-58.5;651.0;1408.5;;
1_S6;10/05/2023;12:57:05.600;0.275;0.775;0.638;;;;;
1_S6;10/05/2023;12:57:05.700;0.250;0.706;0.731;;;;;
1_S6;10/05/2023;12:57:05.800;0.250;0.638;0.850;;;;;
1_S6;10/05/2023;12:57:05.900;0.250;0.563;0.813;;;;;
1_S6;10/05/2023;12:57:06.000;0.250;0.563;0.813;-57.0;828.0;1398.0;;
1_S6;10/05/2023;12:57:06.100;0.188;0.438;1.000;;;;;
1_S6;10/05/2023;12:57:06.200;0.250;0.438;1.000;;;;;
1_S6;10/05/2023;12:57:06.300;0.188;0.313;0.875;;;;;
1_S6;10/05/2023;12:57:06.400;0.125;0.125;1.063;;;;;
1_S6;10/05/2023;12:57:06.500;0.063;0.063;0.938;-21.0;997.5;1465.5;;
1_S6;10/05/2023;12:57:06.600;-0.063;-0.188;1.000;;;;;
1_S6;10/05/2023;12:57:06.700;-0.063;-0.250;1.125;;;;;
1_S6;10/05/2023;12:57:06.800;-0.125;-0.250;0.938;;;;;
1_S6;10/05/2023;12:57:06.900;0.000;-0.375;0.938;;;;;
1_S6;10/05/2023;12:57:07.000;-0.125;-0.438;0.875;60.0;1164.0;1549.5;;
1_S6;10/05/2023;12:57:07.100;-0.188;-0.500;0.750;;;;;
1_S6;10/05/2023;12:57:07.200;-0.188;-0.500;0.813;;;;;
1_S6;10/05/2023;12:57:07.300;-0.125;-0.563;0.688;;;;;
1_S6;10/05/2023;12:57:07.400;-0.125;-0.688;0.625;;;;;
1_S6;10/05/2023;12:57:07.500;-0.063;-0.750;0.688;145.5;1363.5;1828.5;;
1_S6;10/05/2023;12:57:07.600;-0.063;-0.750;0.563;;;;;
1_S6;10/05/2023;12:57:07.700;0.000;-0.813;0.625;;;;;
1_S6;10/05/2023;12:57:07.800;0.000;-0.875;0.438;;;;;
1_S6;10/05/2023;12:57:07.900;0.000;-0.938;0.375;;;;;
1_S6;10/05/2023;12:57:08.000;0.063;-0.938;0.313;141.0;1338.0;2001.0;;
1_S6;10/05/2023;12:57:08.100;0.125;-0.938;0.250;;;;;
1_S6;10/05/2023;12:57:08.200;0.125;-1.000;0.313;;;;;
1_S6;10/05/2023;12:57:08.300;0.063;-0.938;0.125;;;;;
1_S6;10/05/2023;12:57:08.400;0.063;-1.063;0.063;;;;;
1_S6;10/05/2023;12:57:08.500;0.063;-1.000;-0.125;169.5;1261.5;2095.5;;
1_S6;10/05/2023;12:57:08.600;0.063;-0.938;-0.250;;;;;
1_S6;10/05/2023;12:57:08.700;0.125;-0.875;-0.313;;;;;
1_S6;10/05/2023;12:57:08.800;0.125;-0.875;-0.375;;;;;
1_S6;10/05/2023;12:57:08.900;0.125;-0.875;-0.438;;;;;
1_S6;10/05/2023;12:57:09.000;0.125;-0.875;-0.563;450.0;1033.5;2116.5;;
1_S6;10/05/2023;12:57:09.100;0.125;-0.750;-0.625;;;;;
1_S6;10/05/2023;12:57:09.200;0.063;-0.688;-0.750;;;;;
1_S6;10/05/2023;12:57:09.300;0.063;-0.625;-0.750;;;;;
1_S6;10/05/2023;12:57:09.400;0.063;-0.625;-0.813;;;;;
1_S6;10/05/2023;12:57:09.500;0.188;-0.500;-0.813;409.5;879.0;2149.5;;
1_S6;10/05/2023;12:57:09.600;0.188;-0.375;-0.813;;;;;
1_S6;10/05/2023;12:57:09.700;0.188;-0.313;-1.000;;;;;
1_S6;10/05/2023;12:57:09.800;0.188;-0.188;-1.000;;;;;
1_S6;10/05/2023;12:57:09.900;0.125;-0.125;-1.000;;;;;
1_S6;10/05/2023;12:57:10.000;0.125;0.000;-0.938;489.0;684.0;2112.0;24;
1_S6;10/05/2023;12:57:10.100;0.125;0.069;-1.000;;;;;
1_S6;10/05/2023;12:57:10.200;0.125;0.125;-1.000;;;;;
1_S6;10/05/2023;12:57:10.300;0.125;0.144;-0.982;;;;;
1_S6;10/05/2023;12:57:10.400;0.100;0.238;-0.938;;;;;
1_S6;10/05/2023;12:57:10.500;0.063;0.313;-0.938;516.0;570.0;2026.5;;
1_S6;10/05/2023;12:57:10.600;0.063;0.425;-0.938;;;;;
1_S6;10/05/2023;12:57:10.700;0.019;0.500;-0.938;;;;;
1_S6;10/05/2023;12:57:10.800;0.100;0.500;-0.888;;;;;
1_S6;10/05/2023;12:57:10.900;0.125;0.438;-0.750;;;;;
1_S6;10/05/2023;12:57:11.000;0.063;0.688;-0.688;99.0;504.0;1897.5;;
1_S6;10/05/2023;12:57:11.100;0.063;0.875;-0.625;;;;;
1_S6;10/05/2023;12:57:11.200;0.063;0.875;-0.563;;;;;
1_S6;10/05/2023;12:57:11.300;0.125;0.938;-0.563;;;;;
1_S6;10/05/2023;12:57:11.400;0.063;0.938;-0.375;;;;;
1_S6;10/05/2023;12:57:11.500;0.125;1.063;-0.250;151.5;414.0;1701.0;;
1_S6;10/05/2023;12:57:11.600;0.188;1.000;-0.313;;;;;
1_S6;10/05/2023;12:57:11.700;0.125;1.063;-0.125;;;;;
1_S6;10/05/2023;12:57:11.800;0.125;1.000;-0.125;;;;;
1_S6;10/05/2023;12:57:11.900;0.250;1.000;-0.125;;;;;
1_S6;10/05/2023;12:57:12.000;0.188;1.000;-0.063;112.5;415.5;1650.0;;
1_S6;10/05/2023;12:57:12.100;0.125;1.063;-0.063;;;;;
1_S6;10/05/2023;12:57:12.200;0.188;1.063;0.063;;;;;
1_S6;10/05/2023;12:57:12.300;0.125;1.000;0.188;;;;;
1_S6;10/05/2023;12:57:12.400;0.188;1.063;0.188;;;;;
1_S6;10/05/2023;12:57:12.500;0.188;1.063;0.125;175.5;457.5;1546.5;;
1_S6;10/05/2023;12:57:12.600;0.063;1.000;0.250;;;;;
1_S6;10/05/2023;12:57:12.700;0.125;1.000;0.313;;;;;
1_S6;10/05/2023;12:57:12.800;0.125;1.000;0.313;;;;;
1_S6;10/05/2023;12:57:12.900;0.125;1.063;0.313;;;;;
1_S6;10/05/2023;12:57:13.000;0.063;1.000;0.313;171.0;522.0;1521.0;;
1_S6;10/05/2023;12:57:13.100;0.125;0.938;0.438;;;;;
1_S6;10/05/2023;12:57:13.200;0.125;0.938;0.500;;;;;
1_S6;10/05/2023;12:57:13.300;0.063;1.000;0.438;;;;;
1_S6;10/05/2023;12:57:13.400;0.125;0.813;0.688;;;;;
1_S6;10/05/2023;12:57:13.500;0.063;0.750;0.688;175.5;618.0;1417.5;;
1_S6;10/05/2023;12:57:13.600;0.063;0.813;0.625;;;;;
1_S6;10/05/2023;12:57:13.700;0.125;0.750;0.688;;;;;
1_S6;10/05/2023;12:57:13.800;0.188;0.688;0.750;;;;;
1_S6;10/05/2023;12:57:13.900;0.250;0.625;0.813;;;;;
1_S6;10/05/2023;12:57:14.000;0.188;0.625;0.813;136.5;730.5;1362.0;;
1_S6;10/05/2023;12:57:14.100;0.250;0.563;0.825;;;;;
1_S6;10/05/2023;12:57:14.200;0.250;0.538;0.925;;;;;
1_S6;10/05/2023;12:57:14.300;0.269;0.400;0.894;;;;;
1_S6;10/05/2023;12:57:14.400;0.263;0.263;0.963;;;;;
1_S6;10/05/2023;12:57:14.500;0.219;0.156;0.969;130.5;922.5;1369.5;;
1_S6;10/05/2023;12:57:14.600;0.250;0.088;0.900;;;;;
1_S6;10/05/2023;12:57:14.700;0.250;0.019;0.919;;;;;
1_S6;10/05/2023;12:57:14.800;0.250;-0.100;0.938;;;;;
1_S6;10/05/2023;12:57:14.900;0.313;-0.125;0.938;;;;;
1_S6;10/05/2023;12:57:15.000;0.188;-0.313;0.938;138.0;1032.0;1468.5;24;
1_S6;10/05/2023;12:57:15.100;0.313;-0.563;0.813;;;;;
1_S6;10/05/2023;12:57:15.200;0.250;-0.313;0.875;;;;;
1_S6;10/05/2023;12:57:15.300;0.250;-0.313;0.938;;;;;
1_S6;10/05/2023;12:57:15.400;0.188;-0.438;0.813;;;;;
1_S6;10/05/2023;12:57:15.500;0.188;-0.500;0.875;-105.0;1231.5;1555.5;;
1_S6;10/05/2023;12:57:15.600;0.250;-0.688;0.875;;;;;
1_S6;10/05/2023;12:57:15.700;0.188;-0.688;0.688;;;;;
1_S6;10/05/2023;12:57:15.800;0.125;-0.688;0.625;;;;;
1_S6;10/05/2023;12:57:15.900;0.125;-0.813;0.625;;;;;
1_S6;10/05/2023;12:57:16.000;0.125;-0.750;0.625;-79.5;1315.5;1686.0;;
1_S6;10/05/2023;12:57:16.100;0.000;-1.063;0.438;;;;;
1_S6;10/05/2023;12:57:16.200;0.063;-0.875;0.500;;;;;
1_S6;10/05/2023;12:57:16.300;0.063;-0.875;0.375;;;;;
1_S6;10/05/2023;12:57:16.400;0.063;-0.938;0.313;;;;;
1_S6;10/05/2023;12:57:16.500;0.063;-0.938;0.250;-102.0;1335.0;1792.5;;
1_S6;10/05/2023;12:57:16.600;0.125;-1.000;0.188;;;;;
1_S6;10/05/2023;12:57:16.700;0.063;-0.938;0.188;;;;;
1_S6;10/05/2023;12:57:16.800;0.125;-0.938;0.125;;;;;
1_S6;10/05/2023;12:57:16.900;0.125;-0.875;0.188;;;;;
1_S6;10/05/2023;12:57:17.000;0.125;-1.000;0.125;-87.0;1350.0;1843.5;;
1_S6;10/05/2023;12:57:17.100;0.125;-1.000;0.000;;;;;
1_S6;10/05/2023;12:57:17.200;0.188;-1.000;-0.125;;;;;
1_S6;10/05/2023;12:57:17.300;0.125;-1.000;-0.125;;;;;
1_S6;10/05/2023;12:57:17.400;0.125;-0.875;-0.313;;;;;
1_S6;10/05/2023;12:57:17.500;0.125;-0.813;-0.375;-67.5;1326.0;1975.5;;
1_S6;10/05/2023;12:57:17.600;0.125;-0.813;-0.500;;;;;
1_S6;10/05/2023;12:57:17.700;0.188;-0.813;-0.563;;;;;
1_S6;10/05/2023;12:57:17.800;0.063;-0.750;-0.625;;;;;
1_S6;10/05/2023;12:57:17.900;0.125;-0.688;-0.688;;;;;
1_S6;10/05/2023;12:57:18.000;0.125;-0.625;-0.750;-72.0;1227.0;2055.0;;
1_S6;10/05/2023;12:57:18.100;0.125;-0.563;-0.875;;;;;
1_S6;10/05/2023;12:57:18.200;0.063;-0.563;-0.813;;;;;
1_S6;10/05/2023;12:57:18.300;0.125;-0.438;-0.875;;;;;
1_S6;10/05/2023;12:57:18.400;0.125;-0.375;-0.875;;;;;
1_S6;10/05/2023;12:57:18.500;0.063;-0.250;-0.938;-157.5;1234.5;2196.0;;
1_S6;10/05/2023;12:57:18.600;0.063;-0.125;-0.938;;;;;
1_S6;10/05/2023;12:57:18.700;0.000;-0.125;-1.063;;;;;
1_S6;10/05/2023;12:57:18.800;0.063;0.000;-0.938;;;;;
1_S6;10/05/2023;12:57:18.900;0.000;0.063;-0.938;;;;;
1_S6;10/05/2023;12:57:19.000;0.063;0.063;-0.938;190.5;1054.5;2220.0;;
1_S6;10/05/2023;12:57:19.100;0.000;0.250;-1.000;;;;;
1_S6;10/05/2023;12:57:19.200;-0.013;0.250;-1.000;;;;;
1_S6;10/05/2023;12:57:19.300;-0.044;0.306;-0.944;;;;;
1_S6;10/05/2023;12:57:19.400;-0.025;0.488;-0.838;;;;;
1_S6;10/05/2023;12:57:19.500;-0.094;0.625;-0.875;273.0;708.0;2067.0;;
1_S6;10/05/2023;12:57:19.600;-0.163;0.725;-0.800;;;;;
1_S6;10/05/2023;12:57:19.700;-0.188;0.750;-0.750;;;;;
1_S6;10/05/2023;12:57:19.800;-0.188;0.850;-0.650;;;;;
1_S6;10/05/2023;12:57:19.900;-0.250;0.875;-0.625;;;;;
1_S6;10/05/2023;12:57:20.000;-0.188;0.938;-0.500;357.0;616.5;1911.0;24;
1_S6;10/05/2023;12:57:20.100;-0.188;1.000;-0.438;;;;;
1_S6;10/05/2023;12:57:20.200;-0.188;1.000;-0.438;;;;;
1_S6;10/05/2023;12:57:20.300;-0.250;1.063;-0.250;;;;;
1_S6;10/05/2023;12:57:20.400;-0.188;1.000;0.125;;;;;
1_S6;10/05/2023;12:57:20.500;-0.125;1.063;0.125;349.5;499.5;1722.0;;
1_S6;10/05/2023;12:57:20.600;-0.188;1.063;0.125;;;;;
1_S6;10/05/2023;12:57:20.700;-0.125;1.063;0.313;;;;;
1_S6;10/05/2023;12:57:20.800;-0.125;1.000;0.188;;;;;
1_S6;10/05/2023;12:57:20.900;-0.063;1.063;0.313;;;;;
1_S6;10/05/2023;12:57:21.000;-0.063;1.000;0.313;306.0;459.0;1665.0;;
1_S6;10/05/2023;12:57:21.100;-0.063;1.000;0.375;;;;;
1_S6;10/05/2023;12:57:21.200;0.000;1.000;0.438;;;;;
1_S6;10/05/2023;12:57:21.300;-0.063;0.938;0.500;;;;;
1_S6;10/05/2023;12:57:21.400;0.000;0.875;0.688;;;;;
1_S6;10/05/2023;12:57:21.500;0.000;0.875;0.625;252.0;478.5;1576.5;;
1_S6;10/05/2023;12:57:21.600;0.125;0.813;0.688;;;;;
1_S6;10/05/2023;12:57:21.700;0.000;0.688;0.875;;;;;
1_S6;10/05/2023;12:57:21.800;0.000;0.500;0.875;;;;;
1_S6;10/05/2023;12:57:21.900;0.000;0.438;0.938;;;;;
1_S6;10/05/2023;12:57:22.000;0.000;0.313;0.938;265.5;597.0;1456.5;;
1_S6;10/05/2023;12:57:22.100;0.000;0.250;1.000;;;;;
1_S6;10/05/2023;12:57:22.200;-0.063;0.188;0.938;;;;;
1_S6;10/05/2023;12:57:22.300;0.000;0.188;0.938;;;;;
1_S6;10/05/2023;12:57:22.400;0.063;0.188;1.000;;;;;
1_S6;10/05/2023;12:57:22.500;0.063;0.125;1.000;190.5;651.0;1413.0;;
1_S6;10/05/2023;12:57:22.600;0.125;0.188;0.938;;;;;
1_S6;10/05/2023;12:57:22.700;0.188;0.125;1.000;;;;;
1_S6;10/05/2023;12:57:22.800;0.250;0.125;0.875;;;;;
1_S6;10/05/2023;12:57:22.900;0.250;0.063;1.000;;;;;
1_S6;10/05/2023;12:57:23.000;0.188;-0.063;1.000;118.5;712.5;1395.0;;
1_S6;10/05/2023;12:57:23.100;0.250;-0.250;1.000;;;;;
1_S6;10/05/2023;12:57:23.200;0.125;0.125;0.188;;;;;
1_S6;10/05/2023;12:57:23.300;0.250;-0.375;0.875;;;;;
1_S6;10/05/2023;12:57:23.400;0.125;-0.375;0.813;;;;;
1_S6;10/05/2023;12:57:23.500;0.063;-0.625;0.875;64.5;853.5;1395.0;;
1_S6;10/05/2023;12:57:23.600;0.063;-0.688;0.625;;;;;
1_S6;10/05/2023;12:57:23.700;0.000;-0.625;0.438;;;;;
1_S6;10/05/2023;12:57:23.800;0.188;-0.875;0.500;;;;;
1_S6;10/05/2023;12:57:23.900;0.250;-0.938;0.500;;;;;
1_S6;10/05/2023;12:57:24.000;0.125;-1.063;0.313;-33.0;1129.5;1551.0;;
1_S6;10/05/2023;12:57:24.100;0.125;-0.944;0.050;;;;;
1_S6;10/05/2023;12:57:24.200;0.113;-0.975;-0.138;;;;;
1_S6;10/05/2023;12:57:24.300;0.044;-0.913;-0.344;;;;;
1_S6;10/05/2023;12:57:24.400;-0.025;-0.975;-0.175;;;;;
1_S6;10/05/2023;12:57:24.500;-0.063;-0.938;-0.281;84.0;1215.0;1735.5;;
1_S6;10/05/2023;12:57:24.600;-0.063;-0.938;-0.275;;;;;
1_S6;10/05/2023;12:57:24.700;0.113;-0.894;-0.250;;;;;
1_S6;10/05/2023;12:57:24.800;-0.013;-0.775;-0.500;;;;;
1_S6;10/05/2023;12:57:24.900;-0.063;-0.875;-0.563;;;;;
1_S6;10/05/2023;12:57:25.000;-0.063;-0.625;-0.813;-181.5;2070.0;2314.5;24;
1_S6;10/05/2023;12:57:25.100;-0.125;-0.438;-0.875;;;;;
1_S6;10/05/2023;12:57:25.200;-0.188;-0.313;-0.938;;;;;
1_S6;10/05/2023;12:57:25.300;-0.063;-0.250;-0.813;;;;;
1_S6;10/05/2023;12:57:25.400;-0.125;-0.125;-0.875;;;;;
1_S6;10/05/2023;12:57:25.500;-0.125;-0.063;-1.063;88.5;1294.5;2230.5;;
1_S6;10/05/2023;12:57:25.600;-0.125;-0.125;-1.000;;;;;
1_S6;10/05/2023;12:57:25.700;-0.188;0.188;-0.938;;;;;
1_S6;10/05/2023;12:57:25.800;-0.250;0.250;-0.938;;;;;
1_S6;10/05/2023;12:57:25.900;-0.250;0.250;-0.938;;;;;
1_S6;10/05/2023;12:57:26.000;-0.250;0.375;-0.938;142.5;1069.5;2200.5;;
1_S6;10/05/2023;12:57:26.100;-0.313;0.375;-0.938;;;;;
1_S6;10/05/2023;12:57:26.200;-0.188;0.438;-0.750;;;;;
1_S6;10/05/2023;12:57:26.300;-0.250;0.625;-0.875;;;;;
1_S6;10/05/2023;12:57:26.400;-0.125;0.688;-0.750;;;;;
1_S6;10/05/2023;12:57:26.500;-0.125;0.813;-0.750;190.5;804.0;2155.5;;
1_S6;10/05/2023;12:57:26.600;-0.125;0.625;-0.688;;;;;
1_S6;10/05/2023;12:57:26.700;-0.125;1.000;-0.625;;;;;
1_S6;10/05/2023;12:57:26.800;0.000;0.875;-0.625;;;;;
1_S6;10/05/2023;12:57:26.900;-0.063;0.938;-0.375;;;;;
1_S6;10/05/2023;12:57:27.000;0.000;1.000;-0.313;136.5;577.5;2080.5;;
1_S6;10/05/2023;12:57:27.100;0.000;1.000;-0.188;;;;;
1_S6;10/05/2023;12:57:27.200;0.000;1.063;-0.188;;;;;
1_S6;10/05/2023;12:57:27.300;0.000;1.063;-0.188;;;;;
1_S6;10/05/2023;12:57:27.400;0.063;1.000;-0.125;;;;;
1_S6;10/05/2023;12:57:27.500;-0.063;1.063;0.063;102.0;454.5;1960.5;;
1_S6;10/05/2023;12:57:27.600;0.000;1.063;0.125;;;;;
1_S6;10/05/2023;12:57:27.700;0.000;1.063;0.188;;;;;
1_S6;10/05/2023;12:57:27.800;0.000;1.000;0.313;;;;;
1_S6;10/05/2023;12:57:27.900;0.125;1.626;0.375;;;;;
1_S6;10/05/2023;12:57:28.000;-0.063;0.875;0.500;75.0;391.5;1735.5;;
1_S6;10/05/2023;12:57:28.100;-0.125;0.932;0.575;;;;;
1_S6;10/05/2023;12:57:28.200;-0.125;0.863;0.663;;;;;
1_S6;10/05/2023;12:57:28.300;-0.125;0.794;0.656;;;;;
1_S6;10/05/2023;12:57:28.400;-0.125;0.725;0.825;;;;;
1_S6;10/05/2023;12:57:28.500;-0.094;0.656;0.782;112.5;420.0;1605.0;;
1_S6;10/05/2023;12:57:28.600;-0.100;0.588;0.850;;;;;
1_S6;10/05/2023;12:57:28.700;-0.125;0.563;0.875;;;;;
1_S6;10/05/2023;12:57:28.800;-0.075;0.513;0.975;;;;;
1_S6;10/05/2023;12:57:28.900;-0.125;0.438;0.938;;;;;
1_S6;10/05/2023;12:57:29.000;-0.250;0.375;0.938;97.5;471.0;1503.0;;
1_S6;10/05/2023;12:57:29.100;-0.188;0.313;0.938;;;;;
1_S6;10/05/2023;12:57:29.200;-0.250;0.188;0.750;;;;;
1_S6;10/05/2023;12:57:29.300;-0.250;0.125;0.938;;;;;
1_S6;10/05/2023;12:57:29.400;-0.250;0.063;1.000;;;;;
1_S6;10/05/2023;12:57:29.500;-0.188;0.000;0.938;81.0;598.5;1377.0;;
1_S6;10/05/2023;12:57:29.600;-0.313;-0.188;0.938;;;;;
1_S6;10/05/2023;12:57:29.700;-0.250;-0.313;0.938;;;;;
1_S6;10/05/2023;12:57:29.800;-0.250;-0.375;0.938;;;;;
1_S6;10/05/2023;12:57:29.900;-0.250;-0.438;0.875;;;;;
1_S6;10/05/2023;12:57:30.000;-0.250;-0.438;0.813;138.0;790.5;1342.5;24;
1_S6;10/05/2023;12:57:30.100;-0.250;-0.500;0.813;;;;;
1_S6;10/05/2023;12:57:30.200;-0.188;-0.438;0.813;;;;;
1_S6;10/05/2023;12:57:30.300;-0.250;-0.688;0.688;;;;;
1_S6;10/05/2023;12:57:30.400;-0.188;-0.688;0.688;;;;;
1_S6;10/05/2023;12:57:30.500;-0.188;-0.813;0.563;60.0;1491.0;1339.5;;
1_S6;10/05/2023;12:57:30.600;-0.250;-0.875;0.375;;;;;
1_S6;10/05/2023;12:57:30.700;-0.250;-0.875;0.313;;;;;
1_S6;10/05/2023;12:57:30.800;-0.313;-0.938;0.313;;;;;
1_S6;10/05/2023;12:57:30.900;-0.313;-0.875;0.188;;;;;
1_S6;10/05/2023;12:57:31.000;-0.250;-0.938;0.125;60.0;1666.5;1434.0;;
1_S6;10/05/2023;12:57:31.100;-0.313;-1.000;-0.125;;;;;
1_S6;10/05/2023;12:57:31.200;-0.375;-0.938;-0.188;;;;;
1_S6;10/05/2023;12:57:31.300;-0.375;-0.875;-0.188;;;;;
1_S6;10/05/2023;12:57:31.400;-0.375;-0.938;-0.438;;;;;
1_S6;10/05/2023;12:57:31.500;-0.375;-0.875;-0.375;180.0;1873.5;1876.5;;
1_S6;10/05/2023;12:57:31.600;-0.250;-0.813;-0.438;;;;;
1_S6;10/05/2023;12:57:31.700;-0.313;-0.688;-0.625;;;;;
1_S6;10/05/2023;12:57:31.800;-0.438;-0.750;-0.750;;;;;
1_S6;10/05/2023;12:57:31.900;-0.438;-0.625;-0.750;;;;;
1_S6;10/05/2023;12:57:32.000;-0.375;-0.500;-0.813;195.0;1795.5;2176.5;;
1_S6;10/05/2023;12:57:32.100;-0.313;-0.438;-0.875;;;;;
1_S6;10/05/2023;12:57:32.200;-0.313;-0.313;-0.875;;;;;
1_S6;10/05/2023;12:57:32.300;-0.313;-0.250;-0.938;;;;;
1_S6;10/05/2023;12:57:32.400;-0.313;-0.125;-1.000;;;;;
1_S6;10/05/2023;12:57:32.500;-0.313;-0.125;-0.938;124.5;1447.5;2196.0;;
1_S6;10/05/2023;12:57:32.600;-0.313;0.063;-1.000;;;;;
1_S6;10/05/2023;12:57:32.700;-0.313;0.063;-1.000;;;;;
1_S6;10/05/2023;12:57:32.800;-0.250;0.125;-1.000;;;;;
1_S6;10/05/2023;12:57:32.900;-0.250;0.250;-1.000;;;;;
1_S6;10/05/2023;12:57:33.000;-0.188;0.500;-0.938;88.5;1012.5;2199.0;;
1_S6;10/05/2023;12:57:33.100;-0.194;0.506;-0.813;;;;;
1_S6;10/05/2023;12:57:33.200;-0.238;0.575;-0.813;;;;;
1_S6;10/05/2023;12:57:33.300;-0.169;0.663;-0.775;;;;;
1_S6;10/05/2023;12:57:33.400;-0.125;0.775;-0.663;;;;;
1_S6;10/05/2023;12:57:33.500;-0.125;0.813;-0.656;102.0;742.5;2158.5;;
1_S6;10/05/2023;12:57:33.600;-0.125;0.813;-0.613;;;;;
1_S6;10/05/2023;12:57:33.700;-0.125;0.944;-0.519;;;;;
1_S6;10/05/2023;12:57:33.800;-0.125;1.000;-0.450;;;;;
1_S6;10/05/2023;12:57:33.900;-0.188;1.000;-0.438;;;;;
1_S6;10/05/2023;12:57:34.000;-0.125;0.938;-0.438;105.0;615.0;2107.5;;
1_S6;10/05/2023;12:57:34.100;-0.188;1.063;-0.375;;;;;
1_S6;10/05/2023;12:57:34.200;-0.125;1.063;-0.250;;;;;
1_S6;10/05/2023;12:57:34.300;-0.063;1.063;-0.188;;;;;
1_S6;10/05/2023;12:57:34.400;-0.125;1.125;-0.125;;;;;
1_S6;10/05/2023;12:57:34.500;-0.125;1.063;-0.125;76.5;498.0;2014.5;;
1_S6;10/05/2023;12:57:34.600;-0.063;1.063;-0.063;;;;;
1_S6;10/05/2023;12:57:34.700;-0.188;1.125;-0.063;;;;;
1_S6;10/05/2023;12:57:34.800;-0.063;1.063;0.063;;;;;
1_S6;10/05/2023;12:57:34.900;-0.125;1.063;0.125;;;;;
1_S6;10/05/2023;12:57:35.000;-0.188;1.063;0.250;106.5;441.0;1876.5;24;
1_S6;10/05/2023;12:57:35.100;-0.250;1.000;0.313;;;;;
1_S6;10/05/2023;12:57:35.200;-0.188;0.938;0.438;;;;;
1_S6;10/05/2023;12:57:35.300;-0.188;0.938;0.500;;;;;
1_S6;10/05/2023;12:57:35.400;-0.250;0.938;0.500;;;;;
1_S6;10/05/2023;12:57:35.500;-0.188;0.875;0.625;138.0;405.0;1711.5;;
1_S6;10/05/2023;12:57:35.600;-0.250;0.875;0.625;;;;;
1_S6;10/05/2023;12:57:35.700;-0.188;0.813;0.625;;;;;
1_S6;10/05/2023;12:57:35.800;-0.188;0.750;0.750;;;;;
1_S6;10/05/2023;12:57:35.900;-0.125;0.750;0.750;;;;;
1_S6;10/05/2023;12:57:36.000;-0.125;0.688;0.813;114.0;408.0;1609.5;;
1_S6;10/05/2023;12:57:36.100;-0.063;0.625;0.813;;;;;
1_S6;10/05/2023;12:57:36.200;-0.063;0.625;0.813;;;;;
1_S6;10/05/2023;12:57:36.300;-0.063;0.500;0.875;;;;;
1_S6;10/05/2023;12:57:36.400;0.000;0.438;0.938;;;;;
1_S6;10/05/2023;12:57:36.500;0.000;0.313;1.000;60.0;498.0;1495.5;;
1_S6;10/05/2023;12:57:36.600;0.063;0.188;1.000;;;;;
1_S6;10/05/2023;12:57:36.700;0.063;0.125;1.000;;;;;
1_S6;10/05/2023;12:57:36.800;0.063;-0.125;1.000;;;;;
1_S6;10/05/2023;12:57:36.900;0.063;-0.313;0.938;;;;;
1_S6;10/05/2023;12:57:37.000;0.063;-0.438;0.750;-12.0;744.0;1390.5;;
1_S6;10/05/2023;12:57:37.100;0.063;-0.625;0.875;;;;;
1_S6;10/05/2023;12:57:37.200;-0.063;-0.750;0.750;;;;;
1_S6;10/05/2023;12:57:37.300;-0.188;-0.813;0.625;;;;;
1_S6;10/05/2023;12:57:37.400;-0.313;-0.750;0.500;;;;;
1_S6;10/05/2023;12:57:37.500;-0.375;-0.875;0.625;-150.0;1069.5;1386.0;;
1_S6;10/05/2023;12:57:37.600;-0.500;-0.813;0.438;;;;;
1_S6;10/05/2023;12:57:37.700;-0.500;-0.625;0.625;;;;;
1_S6;10/05/2023;12:57:37.800;-0.500;-0.813;0.688;;;;;
1_S6;10/05/2023;12:57:37.900;-0.625;-0.750;0.438;;;;;
1_S6;10/05/2023;12:57:38.000;-0.625;-0.625;0.438;-597.0;1695.0;1425.0;;
1_S6;10/05/2023;12:57:38.100;-0.769;-0.563;0.431;;;;;
1_S6;10/05/2023;12:57:38.200;-0.938;-0.538;0.338;;;;;
1_S6;10/05/2023;12:57:38.300;-0.938;-0.400;0.206;;;;;
1_S6;10/05/2023;12:57:38.400;-0.913;-0.263;0.225;;;;;
1_S6;10/05/2023;12:57:38.500;-0.938;-0.156;0.219;-552.0;1504.5;1435.5;;
1_S6;10/05/2023;12:57:38.600;-1.000;-0.050;0.288;;;;;
1_S6;10/05/2023;12:57:38.700;-0.957;0.088;0.356;;;;;
1_S6;10/05/2023;12:57:38.800;-0.888;0.125;0.425;;;;;
1_S6;10/05/2023;12:57:38.900;-0.813;0.250;0.625;;;;;
1_S6;10/05/2023;12:57:39.000;-0.750;0.313;0.563;-624.0;1264.5;1330.5;;
1_S6;10/05/2023;12:57:39.100;-0.750;0.438;0.688;;;;;
1_S6;10/05/2023;12:57:39.200;-0.625;0.438;0.750;;;;;
1_S6;10/05/2023;12:57:39.300;-0.563;0.563;0.688;;;;;
1_S6;10/05/2023;12:57:39.400;-0.438;0.625;0.750;;;;;
1_S6;10/05/2023;12:57:39.500;-0.625;0.500;0.563;-778.5;1072.5;1308.0;;
1_S6;10/05/2023;12:57:39.600;-0.625;0.625;0.625;;;;;
1_S6;10/05/2023;12:57:39.700;-0.500;0.750;0.563;;;;;
1_S6;10/05/2023;12:57:39.800;-0.500;0.813;0.563;;;;;
1_S6;10/05/2023;12:57:39.900;-0.438;0.875;0.438;;;;;
1_S6;10/05/2023;12:57:40.000;-0.438;0.938;0.438;-334.5;580.5;1507.5;24;
1_S6;10/05/2023;12:57:40.100;-0.438;0.813;0.500;;;;;
1_S6;10/05/2023;12:57:40.200;-0.500;0.813;0.500;;;;;
1_S6;10/05/2023;12:57:40.300;-0.500;0.813;0.563;;;;;
1_S6;10/05/2023;12:57:40.400;-0.500;0.688;0.563;;;;;
1_S6;10/05/2023;12:57:40.500;-0.563;0.688;0.625;-253.5;573.0;1507.5;;
1_S6;10/05/2023;12:57:40.600;-0.563;0.688;0.563;;;;;
1_S6;10/05/2023;12:57:40.700;-0.500;0.688;0.625;;;;;
1_S6;10/05/2023;12:57:40.800;-0.500;0.563;0.688;;;;;
1_S6;10/05/2023;12:57:40.900;-0.500;0.563;0.688;;;;;
1_S6;10/05/2023;12:57:41.000;-0.500;0.500;0.813;-195.0;595.5;1459.5;;
1_S6;10/05/2023;12:57:41.100;-0.438;0.438;0.875;;;;;
1_S6;10/05/2023;12:57:41.200;-0.375;0.375;0.875;;;;;
1_S6;10/05/2023;12:57:41.300;-0.375;0.375;0.813;;;;;
1_S6;10/05/2023;12:57:41.400;-0.313;0.188;0.938;;;;;
1_S6;10/05/2023;12:57:41.500;-0.375;0.188;1.000;-97.5;694.5;1405.5;;
1_S6;10/05/2023;12:57:41.600;-0.250;0.250;0.938;;;;;
1_S6;10/05/2023;12:57:41.700;-0.188;0.188;1.000;;;;;
1_S6;10/05/2023;12:57:41.800;-0.063;0.063;1.000;;;;;
1_S6;10/05/2023;12:57:41.900;0.063;0.000;1.000;;;;;
1_S6;10/05/2023;12:57:42.000;0.125;-0.125;0.938;-232.5;855.0;1312.5;;
1_S6;10/05/2023;12:57:42.100;0.250;-0.250;0.875;;;;;
1_S6;10/05/2023;12:57:42.200;0.375;-0.375;0.875;;;;;
1_S6;10/05/2023;12:57:42.300;0.500;-0.313;0.813;;;;;
1_S6;10/05/2023;12:57:42.400;0.500;-0.375;0.750;;;;;
1_S6;10/05/2023;12:57:42.500;0.500;-0.438;0.625;-658.5;1341.0;1414.5;;
1_S6;10/05/2023;12:57:42.600;0.500;-0.563;0.563;;;;;
1_S6;10/05/2023;12:57:42.700;0.500;-0.688;0.563;;;;;
1_S6;10/05/2023;12:57:42.800;0.375;-0.688;0.563;;;;;
1_S6;10/05/2023;12:57:42.900;0.313;-0.688;0.563;;;;;
1_S6;10/05/2023;12:57:43.000;0.250;-0.750;0.500;-783.0;1665.0;1491.0;;
1_S6;10/05/2023;12:57:43.100;0.125;-0.813;0.556;;;;;
1_S6;10/05/2023;12:57:43.200;0.113;-0.838;0.500;;;;;
1_S6;10/05/2023;12:57:43.300;0.044;-0.919;0.500;;;;;
1_S6;10/05/2023;12:57:43.400;-0.025;-0.900;0.525;;;;;
1_S6;10/05/2023;12:57:43.500;-0.188;-0.875;0.469;-699.0;1788.0;1513.5;;
1_S6;10/05/2023;12:57:43.600;-0.350;-0.775;0.338;;;;;
1_S6;10/05/2023;12:57:43.700;-0.550;-0.794;0.356;;;;;
1_S6;10/05/2023;12:57:43.800;-0.525;-0.713;0.375;;;;;
1_S6;10/05/2023;12:57:43.900;-0.625;-0.750;0.375;;;;;
1_S6;10/05/2023;12:57:44.000;-0.750;-0.750;0.250;-547.5;1834.5;1548.0;;
1_S6;10/05/2023;12:57:44.100;-1.188;-0.750;0.313;;;;;
1_S6;10/05/2023;12:57:44.200;-0.813;-0.625;0.188;;;;;
1_S6;10/05/2023;12:57:44.300;-0.813;-0.563;0.188;;;;;
1_S6;10/05/2023;12:57:44.400;-0.938;-0.563;0.250;;;;;
1_S6;10/05/2023;12:57:44.500;-1.125;-0.563;0.125;-582.0;1504.5;1438.5;;
1_S6;10/05/2023;12:57:44.600;-1.063;-0.188;0.188;;;;;
1_S6;10/05/2023;12:57:44.700;-1.000;-0.125;0.125;;;;;
1_S6;10/05/2023;12:57:44.800;-0.938;0.125;0.250;;;;;
1_S6;10/05/2023;12:57:44.900;-1.000;0.188;0.188;;;;;
1_S6;10/05/2023;12:57:45.000;-0.938;0.438;0.250;-454.5;1299.0;1407.0;24;
1_S6;10/05/2023;12:57:45.100;-0.875;0.500;0.250;;;;;
1_S6;10/05/2023;12:57:45.200;-0.625;0.938;0.250;;;;;
1_S6;10/05/2023;12:57:45.300;-0.563;0.875;0.250;;;;;
1_S6;10/05/2023;12:57:45.400;-0.438;0.938;0.313;;;;;
1_S6;10/05/2023;12:57:45.500;-0.188;1.000;0.438;-489.0;921.0;1293.0;;
1_S6;10/05/2023;12:57:45.600;-0.063;0.938;0.438;;;;;
1_S6;10/05/2023;12:57:45.700;0.063;1.000;0.438;;;;;
1_S6;10/05/2023;12:57:45.800;0.188;0.938;0.438;;;;;
1_S6;10/05/2023;12:57:45.900;0.313;0.813;0.500;;;;;
1_S6;10/05/2023;12:57:46.000;0.375;0.750;0.625;-805.5;1003.5;1201.5;;
1_S6;10/05/2023;12:57:46.100;0.500;0.625;0.688;;;;;
1_S6;10/05/2023;12:57:46.200;0.500;0.500;0.688;;;;;
1_S6;10/05/2023;12:57:46.300;0.438;0.438;0.750;;;;;
1_S6;10/05/2023;12:57:46.400;0.500;0.313;0.813;;;;;
1_S6;10/05/2023;12:57:46.500;0.438;0.188;0.875;-745.5;1248.0;1228.5;;
1_S6;10/05/2023;12:57:46.600;0.375;0.125;0.938;;;;;
1_S6;10/05/2023;12:57:46.700;0.313;0.063;0.938;;;;;
1_S6;10/05/2023;12:57:46.800;0.313;0.000;0.938;;;;;
1_S6;10/05/2023;12:57:46.900;0.250;0.000;0.938;;;;;
1_S6;10/05/2023;12:57:47.000;0.250;0.000;0.938;-540.0;1195.5;1477.5;;
1_S6;10/05/2023;12:57:47.100;0.188;-0.069;1.000;;;;;
1_S6;10/05/2023;12:57:47.200;0.188;-0.113;1.000;;;;;
1_S6;10/05/2023;12:57:47.300;0.169;-0.006;1.000;;;;;
1_S6;10/05/2023;12:57:47.400;0.100;0.125;1.000;;;;;
1_S6;10/05/2023;12:57:47.500;0.031;0.156;0.969;-598.5;1126.5;1474.5;;
1_S6;10/05/2023;12:57:47.600;-0.038;0.188;0.975;;;;;
1_S6;10/05/2023;12:57:47.700;-0.063;0.231;1.000;;;;;
1_S6;10/05/2023;12:57:47.800;-0.113;0.250;1.000;;;;;
1_S6;10/05/2023;12:57:47.900;-0.125;0.188;1.000;;;;;
1_S6;10/05/2023;12:57:48.000;-0.250;0.125;1.000;-604.5;922.5;1420.5;;
1_S6;10/05/2023;12:57:48.100;-0.188;0.125;1.000;;;;;
1_S6;10/05/2023;12:57:48.200;-0.250;0.063;0.938;;;;;
1_S6;10/05/2023;12:57:48.300;-0.375;0.000;0.938;;;;;
1_S6;10/05/2023;12:57:48.400;-0.375;-0.063;1.000;;;;;
1_S6;10/05/2023;12:57:48.500;-0.313;-0.125;0.938;-534.0;861.0;1366.5;;
1_S6;10/05/2023;12:57:48.600;-0.250;-0.125;1.000;;;;;
1_S6;10/05/2023;12:57:48.700;-0.313;-0.188;1.000;;;;;
1_S6;10/05/2023;12:57:48.800;-0.250;-0.250;1.000;;;;;
1_S6;10/05/2023;12:57:48.900;-0.188;-0.250;0.875;;;;;
1_S6;10/05/2023;12:57:49.000;-0.188;-0.188;0.938;-577.5;1077.0;1441.5;;
1_S6;10/05/2023;12:57:49.100;-0.188;-0.250;1.000;;;;;
1_S6;10/05/2023;12:57:49.200;-0.063;-0.313;0.938;;;;;
1_S6;10/05/2023;12:57:49.300;0.000;-0.375;0.875;;;;;
1_S6;10/05/2023;12:57:49.400;0.125;-0.500;0.875;;;;;
1_S6;10/05/2023;12:57:49.500;0.188;-0.563;0.813;-538.5;1233.0;1372.5;;
1_S6;10/05/2023;12:57:49.600;0.188;-0.688;0.688;;;;;
1_S6;10/05/2023;12:57:49.700;0.188;-0.813;0.563;;;;;
1_S6;10/05/2023;12:57:49.800;0.125;-0.875;0.375;;;;;
1_S6;10/05/2023;12:57:49.900;0.000;-1.000;0.188;;;;;
1_S6;10/05/2023;12:57:50.000;-0.063;-1.000;0.000;-606.0;1528.5;1521.0;24;
1_S6;10/05/2023;12:57:50.100;-0.188;-1.000;-0.125;;;;;
1_S6;10/05/2023;12:57:50.200;-0.250;-0.938;-0.188;;;;;
1_S6;10/05/2023;12:57:50.300;-0.313;-1.000;-0.250;;;;;
1_S6;10/05/2023;12:57:50.400;-0.313;-0.875;-0.375;;;;;
1_S6;10/05/2023;12:57:50.500;-0.375;-0.813;-0.438;-487.5;1714.5;1773.0;;
1_S6;10/05/2023;12:57:50.600;-0.438;-0.750;-0.563;;;;;
1_S6;10/05/2023;12:57:50.700;-0.375;-0.750;-0.625;;;;;
1_S6;10/05/2023;12:57:50.800;-0.313;-0.688;-0.625;;;;;
1_S6;10/05/2023;12:57:50.900;-0.313;-0.563;-0.750;;;;;
1_S6;10/05/2023;12:57:51.000;-0.313;-0.625;-0.750;-484.5;1737.0;1920.0;;
1_S6;10/05/2023;12:57:51.100;-0.250;-0.563;-0.813;;;;;
1_S6;10/05/2023;12:57:51.200;-0.250;-0.438;-0.875;;;;;
1_S6;10/05/2023;12:57:51.300;-0.250;-0.313;-0.938;;;;;
1_S6;10/05/2023;12:57:51.400;-0.188;-0.250;-1.000;;;;;
1_S6;10/05/2023;12:57:51.500;-0.125;-0.188;-1.000;-528.0;1572.0;1944.0;;
1_S6;10/05/2023;12:57:51.600;-0.188;-0.125;-0.938;;;;;
1_S6;10/05/2023;12:57:51.700;-0.188;-0.125;-1.063;;;;;
1_S6;10/05/2023;12:57:51.800;-0.188;-0.063;-1.000;;;;;
1_S6;10/05/2023;12:57:51.900;-0.250;0.000;-1.000;;;;;
1_S6;10/05/2023;12:57:52.000;-0.125;0.063;-1.000;-508.5;1455.0;1969.5;;
1_S6;10/05/2023;12:57:52.100;-0.188;0.131;-1.000;;;;;
1_S6;10/05/2023;12:57:52.200;-0.200;0.200;-1.013;;;;;
1_S6;10/05/2023;12:57:52.300;-0.231;0.250;-1.044;;;;;
1_S6;10/05/2023;12:57:52.400;-0.188;0.300;-0.975;;;;;
1_S6;10/05/2023;12:57:52.500;-0.219;0.406;-0.938;-502.5;1242.0;1999.5;;
1_S6;10/05/2023;12:57:52.600;-0.250;0.475;-0.900;;;;;
1_S6;10/05/2023;12:57:52.700;-0.250;0.544;-0.875;;;;;
1_S6;10/05/2023;12:57:52.800;-0.300;0.513;-0.875;;;;;
1_S6;10/05/2023;12:57:52.900;-0.313;0.625;-0.875;;;;;
1_S6;10/05/2023;12:57:53.000;-0.313;0.625;-0.813;-445.5;1143.0;1960.5;;
1_S6;10/05/2023;12:57:53.100;-0.375;0.750;-0.625;;;;;
1_S6;10/05/2023;12:57:53.200;-0.375;0.750;-0.625;;;;;
1_S6;10/05/2023;12:57:53.300;-0.313;0.688;-0.688;;;;;
1_S6;10/05/2023;12:57:53.400;-0.438;0.813;-0.625;;;;;
1_S6;10/05/2023;12:57:53.500;-0.438;0.750;-0.563;-201.0;943.5;2026.5;;
1_S6;10/05/2023;12:57:53.600;-0.438;0.875;-0.500;;;;;
1_S6;10/05/2023;12:57:53.700;-0.438;0.875;-0.500;;;;;
1_S6;10/05/2023;12:57:53.800;-0.438;0.875;-0.438;;;;;
1_S6;10/05/2023;12:57:53.900;-0.313;0.875;-0.438;;;;;
1_S6;10/05/2023;12:57:54.000;-0.500;0.875;-0.375;69.0;853.5;2214.0;;
1_S6;10/05/2023;12:57:54.100;-0.500;0.938;-0.375;;;;;
1_S6;10/05/2023;12:57:54.200;-0.625;0.938;-0.313;;;;;
1_S6;10/05/2023;12:57:54.300;-0.438;0.938;-0.188;;;;;
1_S6;10/05/2023;12:57:54.400;-0.500;0.938;-0.250;;;;;
1_S6;10/05/2023;12:57:54.500;-0.500;0.938;-0.188;345.0;624.0;2007.0;;
1_S6;10/05/2023;12:57:54.600;-0.500;0.938;-0.125;;;;;
1_S6;10/05/2023;12:57:54.700;-0.563;1.000;-0.125;;;;;
1_S6;10/05/2023;12:57:54.800;-0.500;0.938;0.000;;;;;
1_S6;10/05/2023;12:57:54.900;-0.500;1.063;-0.063;;;;;
1_S6;10/05/2023;12:57:55.000;-0.563;1.063;0.063;264.0;534.0;1954.5;24;
1_S6;10/05/2023;12:57:55.100;-0.438;1.000;0.063;;;;;
1_S6;10/05/2023;12:57:55.200;-0.500;0.938;0.188;;;;;
1_S6;10/05/2023;12:57:55.300;-0.563;0.938;0.250;;;;;
1_S6;10/05/2023;12:57:55.400;-0.563;0.875;0.250;;;;;
1_S6;10/05/2023;12:57:55.500;-0.688;0.875;0.313;262.5;454.5;1845.0;;
1_S6;10/05/2023;12:57:55.600;-0.750;0.750;0.250;;;;;
1_S6;10/05/2023;12:57:55.700;-0.750;0.688;0.313;;;;;
1_S6;10/05/2023;12:57:55.800;-0.750;0.625;0.500;;;;;
1_S6;10/05/2023;12:57:55.900;-0.750;0.500;0.563;;;;;
1_S6;10/05/2023;12:57:56.000;-0.750;0.500;0.500;342.0;513.0;1699.5;;
1_S6;10/05/2023;12:57:56.100;-0.750;0.438;0.563;;;;;
1_S6;10/05/2023;12:57:56.200;-0.813;0.500;0.563;;;;;
1_S6;10/05/2023;12:57:56.300;-0.688;0.500;0.625;;;;;
1_S6;10/05/2023;12:57:56.400;-0.563;0.625;0.625;;;;;
1_S6;10/05/2023;12:57:56.500;-0.438;0.750;0.813;112.5;469.5;1584.0;;
1_S6;10/05/2023;12:57:56.600;-0.375;0.688;0.688;;;;;
1_S6;10/05/2023;12:57:56.700;-0.125;0.813;0.688;;;;;
1_S6;10/05/2023;12:57:56.800;-0.063;0.813;0.688;;;;;
1_S6;10/05/2023;12:57:56.900;0.000;0.750;0.688;;;;;
1_S6;10/05/2023;12:57:57.000;0.125;0.875;0.625;-112.5;474.0;1695.0;;
1_S6;10/05/2023;12:57:57.100;0.325;0.932;0.425;;;;;
1_S6;10/05/2023;12:57:57.200;0.413;0.888;0.350;;;;;
1_S6;10/05/2023;12:57:57.300;0.388;0.938;0.388;;;;;
1_S6;10/05/2023;12:57:57.400;0.513;0.938;0.050;;;;;
1_S6;10/05/2023;12:57:57.500;0.344;0.938;-0.156;-34.5;477.0;1974.0;;
1_S6;10/05/2023;12:57:57.600;0.250;0.938;-0.325;;;;;
1_S6;10/05/2023;12:57:57.700;0.206;0.938;-0.419;;;;;
1_S6;10/05/2023;12:57:57.800;0.038;0.888;-0.588;;;;;
1_S6;10/05/2023;12:57:57.900;-0.188;0.813;-0.625;;;;;
1_S6;10/05/2023;12:57:58.000;-0.313;0.750;-0.688;349.5;631.5;2005.5;;
1_S6;10/05/2023;12:57:58.100;-0.438;0.625;-0.688;;;;;
1_S6;10/05/2023;12:57:58.200;-0.438;0.688;-0.688;;;;;
1_S6;10/05/2023;12:57:58.300;-0.563;0.563;-0.688;;;;;
1_S6;10/05/2023;12:57:58.400;-0.625;0.563;-0.625;;;;;
1_S6;10/05/2023;12:57:58.500;-0.688;0.563;-0.625;444.0;768.0;1876.5;;
1_S6;10/05/2023;12:57:58.600;-0.750;0.500;-0.563;;;;;
1_S6;10/05/2023;12:57:58.700;-0.813;0.563;-0.500;;;;;
1_S6;10/05/2023;12:57:58.800;-0.875;0.438;-0.375;;;;;
1_S6;10/05/2023;12:57:58.900;-1.000;0.375;-0.188;;;;;
1_S6;10/05/2023;12:57:59.000;-1.000;0.313;-0.125;501.0;846.0;1635.0;;
1_S6;10/05/2023;12:57:59.100;-1.000;0.313;-0.125;;;;;
1_S6;10/05/2023;12:57:59.200;-1.000;0.313;0.000;;;;;
1_S6;10/05/2023;12:57:59.300;-1.000;0.375;0.063;;;;;
1_S6;10/05/2023;12:57:59.400;-1.000;0.375;0.188;;;;;
1_S6;10/05/2023;12:57:59.500;-0.938;0.313;0.250;423.0;886.5;1488.0;;
1_S6;10/05/2023;12:57:59.600;-0.938;0.313;0.375;;;;;
1_S6;10/05/2023;12:57:59.700;-0.938;0.313;0.438;;;;;
1_S6;10/05/2023;12:57:59.800;-0.875;0.375;0.438;;;;;
1_S6;10/05/2023;12:57:59.900;-0.875;0.313;0.500;;;;;
1_S6;10/05/2023;12:58:00.000;-0.813;0.375;0.438;328.5;865.5;1371.0;24;
1_S6;10/05/2023;12:58:00.100;-0.813;0.188;0.500;;;;;
1_S6;10/05/2023;12:58:00.200;-0.813;0.250;0.750;;;;;
1_S6;10/05/2023;12:58:00.300;-0.688;0.250;0.750;;;;;
1_S6;10/05/2023;12:58:00.400;-0.625;0.250;0.750;;;;;
1_S6;10/05/2023;12:58:00.500;-0.688;0.188;0.875;85.5;867.0;1341.0;;
1_S6;10/05/2023;12:58:00.600;-0.563;0.125;0.875;;;;;
1_S6;10/05/2023;12:58:00.700;-0.500;0.063;0.875;;;;;
1_S6;10/05/2023;12:58:00.800;-0.500;0.125;0.875;;;;;
1_S6;10/05/2023;12:58:00.900;-0.438;0.188;0.875;;;;;
1_S6;10/05/2023;12:58:01.000;-0.313;0.125;1.000;-30.0;877.5;1369.5;;
1_S6;10/05/2023;12:58:01.100;-0.181;0.125;0.944;;;;;
1_S6;10/05/2023;12:58:01.200;-0.100;0.125;0.988;;;;;
1_S6;10/05/2023;12:58:01.300;0.000;0.106;0.938;;;;;
1_S6;10/05/2023;12:58:01.400;0.050;0.038;0.963;;;;;
1_S6;10/05/2023;12:58:01.500;0.125;-0.063;0.969;-216.0;910.5;1479.0;;
1_S6;10/05/2023;12:58:01.600;0.125;-0.125;0.938;;;;;
1_S6;10/05/2023;12:58:01.700;0.213;-0.169;0.938;;;;;
1_S6;10/05/2023;12:58:01.800;0.100;-0.138;0.988;;;;;
1_S6;10/05/2023;12:58:01.900;0.125;0.000;0.875;;;;;
1_S6;10/05/2023;12:58:02.000;0.250;0.125;1.000;-249.0;876.0;1527.0;;
1_S6;10/05/2023;12:58:02.100;0.063;0.125;0.938;;;;;
1_S6;10/05/2023;12:58:02.200;0.000;0.063;0.938;;;;;
1_S6;10/05/2023;12:58:02.300;0.125;0.188;1.125;;;;;
1_S6;10/05/2023;12:58:02.400;0.000;0.188;1.125;;;;;
1_S6;10/05/2023;12:58:02.500;0.000;0.250;1.000;-165.0;526.5;1584.0;;
1_S6;10/05/2023;12:58:02.600;0.063;0.375;1.000;;;;;
1_S6;10/05/2023;12:58:02.700;0.125;0.438;0.938;;;;;
1_S6;10/05/2023;12:58:02.800;0.063;0.438;0.938;;;;;
1_S6;10/05/2023;12:58:02.900;0.125;0.188;1.063;;;;;
1_S6;10/05/2023;12:58:03.000;0.125;0.188;1.000;-9.0;213.0;1579.5;;
1_S6;10/05/2023;12:58:03.100;0.188;0.188;0.875;;;;;
1_S6;10/05/2023;12:58:03.200;-0.063;0.000;0.875;;;;;
1_S6;10/05/2023;12:58:03.300;-0.063;0.063;1.000;;;;;
1_S6;10/05/2023;12:58:03.400;-0.063;0.125;1.000;;;;;
1_S6;10/05/2023;12:58:03.500;0.000;0.125;1.063;373.5;310.5;1465.5;;
1_S6;10/05/2023;12:58:03.600;-0.063;0.125;0.938;;;;;
1_S6;10/05/2023;12:58:03.700;0.000;0.125;1.000;;;;;
1_S6;10/05/2023;12:58:03.800;-0.063;0.125;1.063;;;;;
1_S6;10/05/2023;12:58:03.900;-0.063;0.125;1.000;;;;;
1_S6;10/05/2023;12:58:04.000;-0.063;0.125;1.063;363.0;321.0;1450.5;;
1_S6;10/05/2023;12:58:04.100;-0.063;0.125;1.000;;;;;
1_S6;10/05/2023;12:58:04.200;-0.063;0.125;1.000;;;;;
1_S6;10/05/2023;12:58:04.300;0.000;0.125;1.063;;;;;
1_S6;10/05/2023;12:58:04.400;-0.063;0.125;1.000;;;;;
1_S6;10/05/2023;12:58:04.500;-0.063;0.125;1.063;-2193.0;2217.0;5812.5;;
1_S6;10/05/2023;12:58:04.600;-0.063;0.125;1.063;;;;;
1_S6;10/05/2023;12:58:04.700;0.000;0.125;1.000;;;;;
1_S6;10/05/2023;12:58:04.800;-0.063;0.063;1.063;;;;;
1_S6;10/05/2023;12:58:04.900;-0.063;0.125;1.000;;;;;
1_S6;10/05/2023;12:58:05.000;-0.063;0.063;1.000;-3739.5;3508.5;-9061.5;24;
1_S6;10/05/2023;12:58:05.100;-0.063;0.125;1.000;;;;;
1_S6;10/05/2023;12:58:05.200;0.000;0.063;1.000;;;;;
1_S6;10/05/2023;12:58:05.300;0.188;0.125;1.063;;;;;
1_S6;10/05/2023;12:58:05.400;0.000;0.125;1.000;;;;;
1_S6;10/05/2023;12:58:05.500;0.000;0.063;1.000;6163.5;-8418.0;-14218.5;;
1_S6;10/05/2023;12:58:05.600;0.000;0.125;1.000;;;;;
1_S6;10/05/2023;12:58:05.700;0.000;0.063;1.063;;;;;
1_S6;10/05/2023;12:58:05.800;0.000;0.063;1.063;;;;;
1_S6;10/05/2023;12:58:05.900;0.000;0.125;1.000;;;;;
1_S6;10/05/2023;12:58:06.000;0.000;0.063;1.063;4636.5;1828.5;-4164.0;;
1_S6;10/05/2023;12:58:06.100;0.000;0.125;1.000;;;;;
1_S6;10/05/2023;12:58:06.200;0.000;0.125;1.013;;;;;
1_S6;10/05/2023;12:58:06.300;0.000;0.106;1.044;;;;;
1_S6;10/05/2023;12:58:06.400;0.000;0.088;1.025;;;;;
1_S6;10/05/2023;12:58:06.500;0.031;0.125;1.000;2833.5;3619.5;-4269.0;;
1_S6;10/05/2023;12:58:06.600;0.025;0.088;1.013;;;;;
1_S6;10/05/2023;12:58:06.700;-0.263;0.150;0.669;;;;;
1_S6;10/05/2023;12:58:06.800;-0.125;0.088;0.900;;;;;
1_S6;10/05/2023;12:58:06.900;-0.063;0.125;1.000;;;;;
1_S6;10/05/2023;12:58:07.000;-0.063;0.125;1.000;-571.5;495.0;1270.5;;
1_S6;10/05/2023;12:58:07.100;-0.063;0.125;1.000;;;;;
1_S6;10/05/2023;12:58:07.200;-0.063;0.125;1.000;;;;;
1_S6;10/05/2023;12:58:07.300;0.000;0.125;1.063;;;;;
1_S6;10/05/2023;12:58:07.400;-0.063;0.125;1.000;;;;;
1_S6;10/05/2023;12:58:07.500;-0.063;0.063;1.000;-304.5;204.0;1201.5;;
1_S6;10/05/2023;12:58:07.600;-0.063;0.125;1.000;;;;;
1_S6;10/05/2023;12:58:07.700;0.000;0.125;1.000;;;;;
1_S6;10/05/2023;12:58:07.800;0.000;0.063;1.063;;;;;
1_S6;10/05/2023;12:58:07.900;0.000;0.125;1.000;;;;;
1_S6;10/05/2023;12:58:07.000;0.000;0.000;0.000;;;;24;Power off command received.
