TagID,Date,Time,accX,accY,accZ,magX,magY,magZ,Temp. (?C),Metadata
1_S10,10/05/2023,13:59:35.000,-0.938,0.375,-0.188,-36.0,-556.5,-583.5,24,
1_S10,10/05/2023,13:59:35.100,-0.938,0.375,0.125,,,,,
1_S10,10/05/2023,13:59:35.200,-0.938,0.375,0.250,,,,,
1_S10,10/05/2023,13:59:35.300,-0.813,0.375,0.313,,,,,
1_S10,10/05/2023,13:59:35.400,-0.813,0.438,0.500,,,,,
1_S10,10/05/2023,13:59:35.500,-0.750,0.438,0.625,-169.5,-523.5,-742.5,,
1_S10,10/05/2023,13:59:35.600,-0.625,0.438,0.750,,,,,
1_S10,10/05/2023,13:59:35.700,-0.375,0.500,0.875,,,,,
1_S10,10/05/2023,13:59:35.800,-0.313,0.438,0.938,,,,,
1_S10,10/05/2023,13:59:35.900,-0.313,1.188,0.750,,,,,
1_S10,10/05/2023,13:59:36.000,0.000,0.375,0.875,-465.0,-460.5,-789.0,,
1_S10,10/05/2023,13:59:36.100,0.125,0.313,0.875,,,,,
1_S10,10/05/2023,13:59:36.200,0.250,0.313,0.875,,,,,
1_S10,10/05/2023,13:59:36.300,0.375,0.500,1.000,,,,,
1_S10,10/05/2023,13:59:36.400,0.313,0.313,0.875,,,,,
1_S10,10/05/2023,13:59:36.500,0.313,0.375,0.875,-636.0,-427.5,-697.5,,
1_S10,10/05/2023,13:59:36.600,0.563,0.375,0.938,,,,,
1_S10,10/05/2023,13:59:36.700,0.625,0.188,0.750,,,,,
1_S10,10/05/2023,13:59:36.800,0.563,0.250,0.813,,,,,
1_S10,10/05/2023,13:59:36.900,0.563,0.188,0.688,,,,,
1_S10,10/05/2023,13:59:37.000,0.625,0.063,0.688,-666.0,-450.0,-531.0,,
1_S10,10/05/2023,13:59:37.100,0.625,0.063,0.625,,,,,
1_S10,10/05/2023,13:59:37.200,0.750,0.063,0.625,,,,,
1_S10,10/05/2023,13:59:37.300,0.688,0.000,0.625,,,,,
1_S10,10/05/2023,13:59:37.400,0.688,0.000,0.563,,,,,
1_S10,10/05/2023,13:59:37.500,0.750,0.063,0.625,-769.5,-415.5,-453.0,,
1_S10,10/05/2023,13:59:37.600,0.688,0.063,0.563,,,,,
1_S10,10/05/2023,13:59:37.700,0.750,0.063,0.625,,,,,
1_S10,10/05/2023,13:59:37.800,0.813,-0.125,0.625,,,,,
1_S10,10/05/2023,13:59:37.900,0.750,0.063,0.500,,,,,
1_S10,10/05/2023,13:59:38.000,0.750,-0.063,0.375,-780.0,-417.0,-415.5,,
1_S10,10/05/2023,13:59:38.100,0.875,-0.063,0.500,,,,,
1_S10,10/05/2023,13:59:38.200,0.625,-0.813,0.438,,,,,
1_S10,10/05/2023,13:59:38.300,0.813,0.063,0.438,,,,,
1_S10,10/05/2023,13:59:38.400,0.938,0.125,0.250,,,,,
1_S10,10/05/2023,13:59:38.500,0.938,-0.063,0.125,-780.0,-477.0,-301.5,,
1_S10,10/05/2023,13:59:38.600,0.875,0.250,-0.250,,,,,
1_S10,10/05/2023,13:59:38.700,0.750,0.188,-0.563,,,,,
1_S10,10/05/2023,13:59:38.800,0.625,0.438,-0.688,,,,,
1_S10,10/05/2023,13:59:38.900,0.625,0.313,-0.750,,,,,
1_S10,10/05/2023,13:59:39.000,0.375,0.313,-0.688,-489.0,-462.0,-52.5,,
1_S10,10/05/2023,13:59:39.100,0.375,0.375,-0.825,,,,,
1_S10,10/05/2023,13:59:39.200,0.375,0.375,-0.925,,,,,
1_S10,10/05/2023,13:59:39.300,0.338,0.394,-0.894,,,,,
1_S10,10/05/2023,13:59:39.400,0.275,0.438,-0.938,,,,,
1_S10,10/05/2023,13:59:39.500,0.313,0.406,-0.907,-357.0,-564.0,-12.0,,
1_S10,10/05/2023,13:59:39.600,0.313,0.375,-0.950,,,,,
1_S10,10/05/2023,13:59:39.700,0.138,0.375,-1.000,,,,,
1_S10,10/05/2023,13:59:39.800,0.113,0.375,-0.950,,,,,
1_S10,10/05/2023,13:59:39.900,0.063,0.438,-1.000,,,,,
1_S10,10/05/2023,13:59:40.000,-0.125,0.375,-0.938,-283.5,-448.5,-37.5,24,
1_S10,10/05/2023,13:59:40.100,-0.250,0.375,-0.875,,,,,
1_S10,10/05/2023,13:59:40.200,-0.375,0.563,-0.875,,,,,
1_S10,10/05/2023,13:59:40.300,-0.375,0.500,-0.875,,,,,
1_S10,10/05/2023,13:59:40.400,-0.500,0.313,-0.813,,,,,
1_S10,10/05/2023,13:59:40.500,-0.500,0.438,-0.813,-130.5,-459.0,-174.0,,
1_S10,10/05/2023,13:59:40.600,-0.688,0.375,-0.688,,,,,
1_S10,10/05/2023,13:59:40.700,-0.688,0.375,-0.688,,,,,
1_S10,10/05/2023,13:59:40.800,-0.813,0.438,-0.563,,,,,
1_S10,10/05/2023,13:59:40.900,-0.813,0.438,-0.563,,,,,
1_S10,10/05/2023,13:59:41.000,-0.875,0.313,-0.500,-87.0,-490.5,-346.5,,
1_S10,10/05/2023,13:59:41.100,-0.938,0.250,-0.500,,,,,
1_S10,10/05/2023,13:59:41.200,-0.938,0.250,-0.375,,,,,
1_S10,10/05/2023,13:59:41.300,-1.063,0.250,-0.125,,,,,
1_S10,10/05/2023,13:59:41.400,-1.000,0.188,0.125,,,,,
1_S10,10/05/2023,13:59:41.500,-1.000,0.188,0.188,-120.0,-406.5,-600.0,,
1_S10,10/05/2023,13:59:41.600,-1.000,0.188,0.250,,,,,
1_S10,10/05/2023,13:59:41.700,-1.000,0.125,0.250,,,,,
1_S10,10/05/2023,13:59:41.800,-0.938,0.125,0.313,,,,,
1_S10,10/05/2023,13:59:41.900,-0.875,0.125,0.375,,,,,
1_S10,10/05/2023,13:59:42.000,-0.875,0.063,0.563,-228.0,-358.5,-697.5,,
1_S10,10/05/2023,13:59:42.100,-0.875,0.000,0.625,,,,,
1_S10,10/05/2023,13:59:42.200,-0.750,-0.063,0.688,,,,,
1_S10,10/05/2023,13:59:42.300,-0.688,-0.063,0.750,,,,,
1_S10,10/05/2023,13:59:42.400,-0.688,-0.063,0.750,,,,,
1_S10,10/05/2023,13:59:42.500,-0.625,-0.125,0.875,-405.0,-324.0,-747.0,,
1_S10,10/05/2023,13:59:42.600,-0.500,-0.125,0.813,,,,,
1_S10,10/05/2023,13:59:42.700,-0.438,-0.250,0.938,,,,,
1_S10,10/05/2023,13:59:42.800,-0.438,-0.188,0.875,,,,,
1_S10,10/05/2023,13:59:42.900,-0.313,-0.313,0.938,,,,,
1_S10,10/05/2023,13:59:43.000,-0.125,-0.250,1.000,-607.5,-318.0,-714.0,,
1_S10,10/05/2023,13:59:43.100,0.063,-0.250,0.938,,,,,
1_S10,10/05/2023,13:59:43.200,0.000,-0.188,1.000,,,,,
1_S10,10/05/2023,13:59:43.300,0.688,-0.125,1.250,,,,,
1_S10,10/05/2023,13:59:43.400,0.438,-0.125,0.625,,,,,
1_S10,10/05/2023,13:59:43.500,0.813,0.063,0.750,-849.0,-457.5,-438.0,,
1_S10,10/05/2023,13:59:43.600,0.625,0.125,0.625,,,,,
1_S10,10/05/2023,13:59:43.700,0.750,0.125,0.813,,,,,
1_S10,10/05/2023,13:59:43.800,0.688,0.250,0.688,,,,,
1_S10,10/05/2023,13:59:43.900,0.750,0.188,0.500,,,,,
1_S10,10/05/2023,13:59:44.000,0.750,0.313,0.500,-852.0,-493.5,-379.5,,
1_S10,10/05/2023,13:59:44.100,0.863,0.244,0.494,,,,,
1_S10,10/05/2023,13:59:44.200,0.775,0.175,0.425,,,,,
1_S10,10/05/2023,13:59:44.300,0.894,0.163,0.356,,,,,
1_S10,10/05/2023,13:59:44.400,0.913,0.225,0.313,,,,,
1_S10,10/05/2023,13:59:44.500,0.907,0.188,0.281,-816.0,-516.0,-268.5,,
1_S10,10/05/2023,13:59:44.600,0.938,0.150,0.175,,,,,
1_S10,10/05/2023,13:59:44.700,0.938,0.125,0.081,,,,,
1_S10,10/05/2023,13:59:44.800,0.838,0.175,-0.088,,,,,
1_S10,10/05/2023,13:59:44.900,1.000,0.125,0.063,,,,,
1_S10,10/05/2023,13:59:45.000,0.938,0.125,0.063,-787.5,-492.0,-190.5,24,
1_S10,10/05/2023,13:59:45.100,0.938,0.125,-0.063,,,,,
1_S10,10/05/2023,13:59:45.200,0.875,0.188,-0.188,,,,,
1_S10,10/05/2023,13:59:45.300,0.813,0.250,-0.375,,,,,
1_S10,10/05/2023,13:59:45.400,0.875,0.125,-0.438,,,,,
1_S10,10/05/2023,13:59:45.500,0.875,0.188,-0.438,-627.0,-561.0,-67.5,,
1_S10,10/05/2023,13:59:45.600,0.813,0.250,-0.500,,,,,
1_S10,10/05/2023,13:59:45.700,0.688,0.188,-0.625,,,,,
1_S10,10/05/2023,13:59:45.800,0.625,0.188,-0.750,,,,,
1_S10,10/05/2023,13:59:45.900,0.563,0.250,-0.813,,,,,
1_S10,10/05/2023,13:59:46.000,0.313,0.313,-0.938,-373.5,-652.5,-40.5,,
1_S10,10/05/2023,13:59:46.100,0.250,0.313,-0.875,,,,,
1_S10,10/05/2023,13:59:46.200,0.188,0.250,-0.938,,,,,
1_S10,10/05/2023,13:59:46.300,0.125,0.313,-0.875,,,,,
1_S10,10/05/2023,13:59:46.400,0.188,0.375,-0.813,,,,,
1_S10,10/05/2023,13:59:46.500,0.063,0.313,-0.875,-267.0,-583.5,-76.5,,
1_S10,10/05/2023,13:59:46.600,0.063,0.313,-0.938,,,,,
1_S10,10/05/2023,13:59:46.700,-0.125,0.438,-1.063,,,,,
1_S10,10/05/2023,13:59:46.800,-0.188,0.438,-1.000,,,,,
1_S10,10/05/2023,13:59:46.900,-0.250,0.438,-0.938,,,,,
1_S10,10/05/2023,13:59:47.000,-0.125,0.438,-1.000,-151.5,-585.0,-145.5,,
1_S10,10/05/2023,13:59:47.100,-0.250,0.438,-0.938,,,,,
1_S10,10/05/2023,13:59:47.200,-0.250,0.500,-0.938,,,,,
1_S10,10/05/2023,13:59:47.300,-0.313,0.500,-0.813,,,,,
1_S10,10/05/2023,13:59:47.400,-0.375,0.500,-0.813,,,,,
1_S10,10/05/2023,13:59:47.500,-0.375,0.500,-0.500,-75.0,-627.0,-237.0,,
1_S10,10/05/2023,13:59:47.600,-0.500,0.750,-0.688,,,,,
1_S10,10/05/2023,13:59:47.700,-0.563,0.750,-0.625,,,,,
1_S10,10/05/2023,13:59:47.800,-0.625,0.750,-0.563,,,,,
1_S10,10/05/2023,13:59:47.900,-0.625,0.813,-0.375,,,,,
1_S10,10/05/2023,13:59:48.000,-0.750,0.563,-0.250,-36.0,-663.0,-456.0,,
1_S10,10/05/2023,13:59:48.100,-0.750,0.813,-0.125,,,,,
1_S10,10/05/2023,13:59:48.200,-0.625,0.938,0.125,,,,,
1_S10,10/05/2023,13:59:48.300,-0.563,0.875,0.313,,,,,
1_S10,10/05/2023,13:59:48.400,-0.563,0.875,0.250,,,,,
1_S10,10/05/2023,13:59:48.500,-0.625,0.813,0.500,-159.0,-606.0,-702.0,,
1_S10,10/05/2023,13:59:48.600,-0.500,0.750,0.625,,,,,
1_S10,10/05/2023,13:59:48.700,-0.375,0.563,0.750,,,,,
1_S10,10/05/2023,13:59:48.800,-0.313,0.375,0.750,,,,,
1_S10,10/05/2023,13:59:48.900,-0.188,0.375,0.938,,,,,
1_S10,10/05/2023,13:59:49.000,0.063,0.313,0.938,-459.0,-384.0,-774.0,,
1_S10,10/05/2023,13:59:49.100,0.188,0.300,0.882,,,,,
1_S10,10/05/2023,13:59:49.200,0.213,0.200,0.925,,,,,
1_S10,10/05/2023,13:59:49.300,0.313,0.231,0.913,,,,,
1_S10,10/05/2023,13:59:49.400,0.338,0.188,1.000,,,,,
1_S10,10/05/2023,13:59:49.500,0.406,0.156,0.938,-574.5,-351.0,-730.5,,
1_S10,10/05/2023,13:59:49.600,0.513,0.163,0.875,,,,,
1_S10,10/05/2023,13:59:49.700,0.650,0.275,0.700,,,,,
1_S10,10/05/2023,13:59:49.800,0.688,0.363,0.775,,,,,
1_S10,10/05/2023,13:59:49.900,0.625,0.375,0.750,,,,,
1_S10,10/05/2023,13:59:50.000,0.813,0.188,0.500,-729.0,-373.5,-681.0,24,
1_S10,10/05/2023,13:59:50.100,0.875,0.250,0.375,,,,,
1_S10,10/05/2023,13:59:50.200,0.813,0.313,0.375,,,,,
1_S10,10/05/2023,13:59:50.300,0.938,0.313,0.438,,,,,
1_S10,10/05/2023,13:59:50.400,0.875,0.375,0.313,,,,,
1_S10,10/05/2023,13:59:50.500,0.875,0.313,0.188,-805.5,-378.0,-507.0,,
1_S10,10/05/2023,13:59:50.600,0.813,0.375,0.125,,,,,
1_S10,10/05/2023,13:59:50.700,0.875,0.438,-0.125,,,,,
1_S10,10/05/2023,13:59:50.800,0.813,0.500,-0.250,,,,,
1_S10,10/05/2023,13:59:50.900,0.750,0.563,-0.500,,,,,
1_S10,10/05/2023,13:59:51.000,0.563,0.500,-0.625,-771.0,-462.0,-219.0,,
1_S10,10/05/2023,13:59:51.100,0.500,0.563,-0.750,,,,,
1_S10,10/05/2023,13:59:51.200,0.375,0.563,-0.875,,,,,
1_S10,10/05/2023,13:59:51.300,0.188,0.500,-0.625,,,,,
1_S10,10/05/2023,13:59:51.400,0.250,0.438,-0.875,,,,,
1_S10,10/05/2023,13:59:51.500,0.250,0.438,-0.750,-603.0,-439.5,-63.0,,
1_S10,10/05/2023,13:59:51.600,0.125,0.313,-0.875,,,,,
1_S10,10/05/2023,13:59:51.700,0.188,0.438,-1.000,,,,,
1_S10,10/05/2023,13:59:51.800,0.063,0.438,-1.000,,,,,
1_S10,10/05/2023,13:59:51.900,0.063,0.375,-0.875,,,,,
1_S10,10/05/2023,13:59:52.000,0.063,0.438,-0.938,-423.0,-444.0,-10.5,,
1_S10,10/05/2023,13:59:52.100,0.000,0.500,-0.813,,,,,
1_S10,10/05/2023,13:59:52.200,-0.188,0.688,-0.875,,,,,
1_S10,10/05/2023,13:59:52.300,-0.375,0.750,-0.625,,,,,
1_S10,10/05/2023,13:59:52.400,-0.250,0.688,-0.813,,,,,
1_S10,10/05/2023,13:59:52.500,-0.438,0.813,-0.750,-225.0,-547.5,-58.5,,
1_S10,10/05/2023,13:59:52.600,-0.313,0.625,-0.688,,,,,
1_S10,10/05/2023,13:59:52.700,-0.188,0.875,-0.563,,,,,
1_S10,10/05/2023,13:59:52.800,-0.375,0.750,-0.438,,,,,
1_S10,10/05/2023,13:59:52.900,-0.500,0.938,-0.250,,,,,
1_S10,10/05/2023,13:59:53.000,-0.500,0.938,-0.375,-352.5,-759.0,-52.5,,
1_S10,10/05/2023,13:59:53.100,-0.619,0.838,-0.356,,,,,
1_S10,10/05/2023,13:59:53.200,-0.588,0.975,0.238,,,,,
1_S10,10/05/2023,13:59:53.300,-0.725,0.681,-0.256,,,,,
1_S10,10/05/2023,13:59:53.400,-0.838,0.688,-0.125,,,,,
1_S10,10/05/2023,13:59:53.500,-0.938,0.563,-0.125,-132.0,-556.5,-145.5,,
1_S10,10/05/2023,13:59:53.600,-0.963,0.700,-0.125,,,,,
1_S10,10/05/2023,13:59:53.700,-0.850,0.706,0.050,,,,,
1_S10,10/05/2023,13:59:53.800,-0.863,0.438,-0.075,,,,,
1_S10,10/05/2023,13:59:53.900,-0.875,0.438,0.125,,,,,
1_S10,10/05/2023,13:59:54.000,-0.938,0.188,0.063,-87.0,-546.0,-160.5,,
1_S10,10/05/2023,13:59:54.100,-1.000,0.188,0.188,,,,,
1_S10,10/05/2023,13:59:54.200,-0.938,0.125,0.313,,,,,
1_S10,10/05/2023,13:59:54.300,-1.000,0.000,0.313,,,,,
1_S10,10/05/2023,13:59:54.400,-0.938,0.000,0.375,,,,,
1_S10,10/05/2023,13:59:54.500,-0.750,0.000,0.750,-22.5,-445.5,-363.0,,
1_S10,10/05/2023,13:59:54.600,-0.688,-0.125,0.625,,,,,
1_S10,10/05/2023,13:59:54.700,-0.563,-0.188,0.813,,,,,
1_S10,10/05/2023,13:59:54.800,0.188,-0.813,0.563,,,,,
1_S10,10/05/2023,13:59:54.900,-0.438,-0.375,0.750,,,,,
1_S10,10/05/2023,13:59:55.000,-0.250,-0.438,0.750,-85.5,-340.5,-592.5,24,
1_S10,10/05/2023,13:59:55.100,-0.125,-0.438,0.875,,,,,
1_S10,10/05/2023,13:59:55.200,0.063,-0.375,0.938,,,,,
1_S10,10/05/2023,13:59:55.300,0.125,-0.313,0.875,,,,,
1_S10,10/05/2023,13:59:55.400,0.063,-0.875,0.875,,,,,
1_S10,10/05/2023,13:59:55.500,0.250,-0.438,0.813,-267.0,-298.5,-697.5,,
1_S10,10/05/2023,13:59:55.600,0.625,-0.500,0.375,,,,,
1_S10,10/05/2023,13:59:55.700,0.688,-0.438,0.438,,,,,
1_S10,10/05/2023,13:59:55.800,0.875,-0.375,0.375,,,,,
1_S10,10/05/2023,13:59:55.900,0.875,-0.375,0.250,,,,,
1_S10,10/05/2023,13:59:56.000,0.813,-0.375,0.125,-628.5,-289.5,-646.5,,
1_S10,10/05/2023,13:59:56.100,0.750,-0.375,-0.063,,,,,
1_S10,10/05/2023,13:59:56.200,0.750,-0.313,-0.375,,,,,
1_S10,10/05/2023,13:59:56.300,0.625,-0.250,-0.500,,,,,
1_S10,10/05/2023,13:59:56.400,0.625,-0.250,-0.625,,,,,
1_S10,10/05/2023,13:59:56.500,0.563,-0.250,-0.750,-793.5,-415.5,-336.0,,
1_S10,10/05/2023,13:59:56.600,0.500,-0.188,-0.813,,,,,
1_S10,10/05/2023,13:59:56.700,0.563,-0.188,-0.625,,,,,
1_S10,10/05/2023,13:59:56.800,0.750,-0.188,-0.938,,,,,
1_S10,10/05/2023,13:59:56.900,0.375,-0.188,-0.813,,,,,
1_S10,10/05/2023,13:59:57.000,0.500,-0.125,-0.875,-759.0,-456.0,-253.5,,
1_S10,10/05/2023,13:59:57.100,0.500,-0.063,-0.875,,,,,
1_S10,10/05/2023,13:59:57.200,0.500,-0.125,-0.875,,,,,
1_S10,10/05/2023,13:59:57.300,0.375,-0.063,-0.875,,,,,
1_S10,10/05/2023,13:59:57.400,0.438,-0.125,-0.875,,,,,
1_S10,10/05/2023,13:59:57.500,0.375,0.000,-0.938,-774.0,-501.0,-229.5,,
1_S10,10/05/2023,13:59:57.600,0.250,0.063,-0.938,,,,,
1_S10,10/05/2023,13:59:57.700,0.188,0.125,-0.938,,,,,
1_S10,10/05/2023,13:59:57.800,0.188,0.125,-0.938,,,,,
1_S10,10/05/2023,13:59:57.900,0.063,0.125,-1.000,,,,,
1_S10,10/05/2023,13:59:58.000,-0.063,0.188,-1.000,-667.5,-540.0,-109.5,,
1_S10,10/05/2023,13:59:58.100,-0.269,0.081,-1.050,,,,,
1_S10,10/05/2023,13:59:58.200,-0.463,0.250,-0.925,,,,,
1_S10,10/05/2023,13:59:58.300,-0.600,0.250,-0.838,,,,,
1_S10,10/05/2023,13:59:58.400,-0.738,0.250,-0.625,,,,,
1_S10,10/05/2023,13:59:58.500,-0.907,0.219,-0.375,-246.0,-645.0,-51.0,,
1_S10,10/05/2023,13:59:58.600,-0.963,0.150,-0.200,,,,,
1_S10,10/05/2023,13:59:58.700,-0.982,0.038,-0.081,,,,,
1_S10,10/05/2023,13:59:58.800,-0.850,-0.100,0.188,,,,,
1_S10,10/05/2023,13:59:58.900,-1.000,-0.125,0.063,,,,,
1_S10,10/05/2023,13:59:59.000,-1.000,-0.063,0.313,-22.5,-591.0,-261.0,,
1_S10,10/05/2023,13:59:59.100,-1.000,-0.125,0.313,,,,,
1_S10,10/05/2023,13:59:59.200,-0.875,-0.063,0.500,,,,,
1_S10,10/05/2023,13:59:59.300,-0.750,0.000,0.688,,,,,
1_S10,10/05/2023,13:59:59.400,-0.813,-0.125,0.750,,,,,
1_S10,10/05/2023,13:59:59.500,-0.688,-0.063,0.813,12.0,-616.5,-519.0,,
1_S10,10/05/2023,13:59:59.600,-0.625,0.000,0.875,,,,,
1_S10,10/05/2023,13:59:59.700,-0.438,0.000,0.875,,,,,
1_S10,10/05/2023,13:59:59.800,-0.313,-0.063,0.938,,,,,
1_S10,10/05/2023,13:59:59.900,-0.188,-0.188,1.063,,,,,
1_S10,10/05/2023,14:00:00.000,-0.063,0.000,1.000,-151.5,-571.5,-721.5,24,
1_S10,10/05/2023,14:00:00.100,0.250,0.063,0.938,,,,,
1_S10,10/05/2023,14:00:00.200,0.188,0.063,0.875,,,,,
1_S10,10/05/2023,14:00:00.300,0.375,0.063,0.875,,,,,
1_S10,10/05/2023,14:00:00.400,0.625,0.125,0.938,,,,,
1_S10,10/05/2023,14:00:00.500,0.813,-0.063,0.500,-561.0,-538.5,-753.0,,
1_S10,10/05/2023,14:00:00.600,0.688,-0.125,0.375,,,,,
1_S10,10/05/2023,14:00:00.700,0.938,-0.125,0.375,,,,,
1_S10,10/05/2023,14:00:00.800,1.063,-0.375,-0.375,,,,,
1_S10,10/05/2023,14:00:00.900,0.500,-0.313,-0.375,,,,,
1_S10,10/05/2023,14:00:01.000,0.563,-0.313,-0.750,-832.5,-463.5,-358.5,,
1_S10,10/05/2023,14:00:01.100,0.688,-0.188,-0.813,,,,,
1_S10,10/05/2023,14:00:01.200,0.563,-0.375,-0.938,,,,,
1_S10,10/05/2023,14:00:01.300,0.375,-0.813,-0.688,,,,,
1_S10,10/05/2023,14:00:01.400,0.250,-0.313,-0.813,,,,,
1_S10,10/05/2023,14:00:01.500,0.000,-0.250,-0.938,-724.5,-562.5,-142.5,,
1_S10,10/05/2023,14:00:01.600,0.000,-0.375,-0.938,,,,,
1_S10,10/05/2023,14:00:01.700,-0.125,-0.313,-0.938,,,,,
1_S10,10/05/2023,14:00:01.800,-0.063,-0.313,-1.000,,,,,
1_S10,10/05/2023,14:00:01.900,0.000,-0.188,-1.000,,,,,
1_S10,10/05/2023,14:00:02.000,-0.063,-0.188,-1.000,-619.5,-612.0,-72.0,,
1_S10,10/05/2023,14:00:02.100,-0.063,-0.125,-1.063,,,,,
1_S10,10/05/2023,14:00:02.200,-0.063,-0.125,-0.938,,,,,
1_S10,10/05/2023,14:00:02.300,-0.063,-0.250,-1.000,,,,,
1_S10,10/05/2023,14:00:02.400,-0.125,-0.125,-0.875,,,,,
1_S10,10/05/2023,14:00:02.500,-0.188,-0.250,-1.000,-598.5,-586.5,-46.5,,
1_S10,10/05/2023,14:00:02.600,-0.438,-0.188,-0.938,,,,,
1_S10,10/05/2023,14:00:02.700,-0.563,-0.125,-0.750,,,,,
1_S10,10/05/2023,14:00:02.800,-0.688,-0.188,-0.813,,,,,
1_S10,10/05/2023,14:00:02.900,-0.875,-0.125,-0.563,,,,,
1_S10,10/05/2023,14:00:03.000,-0.938,-0.125,-0.438,-262.5,-649.5,-97.5,,
1_S10,10/05/2023,14:00:03.100,-1.007,-0.056,-0.294,,,,,
1_S10,10/05/2023,14:00:03.200,-1.038,-0.038,-0.075,,,,,
1_S10,10/05/2023,14:00:03.300,-0.975,-0.169,0.125,,,,,
1_S10,10/05/2023,14:00:03.400,-1.038,-0.125,0.175,,,,,
1_S10,10/05/2023,14:00:03.500,-0.969,-0.125,0.250,-78.0,-646.5,-297.0,,
1_S10,10/05/2023,14:00:03.600,-0.938,-0.125,0.325,,,,,
1_S10,10/05/2023,14:00:03.700,-0.894,-0.081,0.463,,,,,
1_S10,10/05/2023,14:00:03.800,-0.875,-0.113,0.600,,,,,
1_S10,10/05/2023,14:00:03.900,-0.750,0.000,0.875,,,,,
1_S10,10/05/2023,14:00:04.000,-0.500,0.000,0.813,-91.5,-715.5,-535.5,,
1_S10,10/05/2023,14:00:04.100,-0.375,0.000,0.813,,,,,
1_S10,10/05/2023,14:00:04.200,-0.375,0.063,1.000,,,,,
1_S10,10/05/2023,14:00:04.300,-0.375,0.063,0.938,,,,,
1_S10,10/05/2023,14:00:04.400,-0.313,0.000,0.938,,,,,
1_S10,10/05/2023,14:00:04.500,-0.125,0.063,1.000,-264.0,-735.0,-757.5,,
1_S10,10/05/2023,14:00:04.600,-0.063,0.063,1.063,,,,,
1_S10,10/05/2023,14:00:04.700,0.125,0.125,1.000,,,,,
1_S10,10/05/2023,14:00:04.800,0.375,0.063,0.875,,,,,
1_S10,10/05/2023,14:00:04.900,0.188,0.313,1.125,,,,,
1_S10,10/05/2023,14:00:05.000,0.250,0.125,0.875,-421.5,-876.0,-696.0,24,
1_S10,10/05/2023,14:00:05.100,0.250,0.188,1.000,,,,,
1_S10,10/05/2023,14:00:05.200,0.375,0.313,0.875,,,,,
1_S10,10/05/2023,14:00:05.300,0.375,0.313,0.938,,,,,
1_S10,10/05/2023,14:00:05.400,0.438,0.313,0.813,,,,,
1_S10,10/05/2023,14:00:05.500,0.563,0.313,0.813,-505.5,-885.0,-661.5,,
1_S10,10/05/2023,14:00:05.600,0.500,0.375,0.688,,,,,
1_S10,10/05/2023,14:00:05.700,0.500,0.313,0.750,,,,,
1_S10,10/05/2023,14:00:05.800,0.688,0.250,0.625,,,,,
1_S10,10/05/2023,14:00:05.900,0.563,0.313,0.875,,,,,
1_S10,10/05/2023,14:00:06.000,0.250,0.375,0.875,-612.0,-894.0,-549.0,,
1_S10,10/05/2023,14:00:06.100,0.563,0.438,0.875,,,,,
1_S10,10/05/2023,14:00:06.200,0.625,0.188,0.750,,,,,
1_S10,10/05/2023,14:00:06.300,0.625,0.250,0.813,,,,,
1_S10,10/05/2023,14:00:06.400,0.688,0.250,0.625,,,,,
1_S10,10/05/2023,14:00:06.500,0.813,0.250,0.438,-672.0,-846.0,-441.0,,
1_S10,10/05/2023,14:00:06.600,0.875,0.313,0.250,,,,,
1_S10,10/05/2023,14:00:06.700,0.938,0.375,0.188,,,,,
1_S10,10/05/2023,14:00:06.800,0.813,0.250,0.063,,,,,
1_S10,10/05/2023,14:00:06.900,0.938,0.188,0.125,,,,,
1_S10,10/05/2023,14:00:07.000,0.750,0.125,0.188,-699.0,-814.5,-330.0,,
1_S10,10/05/2023,14:00:07.100,0.825,0.250,-0.063,,,,,
1_S10,10/05/2023,14:00:07.200,0.913,0.263,-0.075,,,,,
1_S10,10/05/2023,14:00:07.300,0.850,0.331,-0.144,,,,,
1_S10,10/05/2023,14:00:07.400,0.913,0.400,-0.188,,,,,
1_S10,10/05/2023,14:00:07.500,0.875,0.469,-0.219,-582.0,-832.5,-213.0,,
1_S10,10/05/2023,14:00:07.600,0.763,0.500,-0.400,,,,,
1_S10,10/05/2023,14:00:07.700,0.644,0.588,-0.631,,,,,
1_S10,10/05/2023,14:00:07.800,0.625,0.575,-0.638,,,,,
1_S10,10/05/2023,14:00:07.900,0.500,0.563,-0.625,,,,,
1_S10,10/05/2023,14:00:08.000,0.438,0.625,-0.750,-427.5,-777.0,-186.0,,
1_S10,10/05/2023,14:00:08.100,0.438,0.563,-0.688,,,,,
1_S10,10/05/2023,14:00:08.200,0.313,0.688,-0.625,,,,,
1_S10,10/05/2023,14:00:08.300,0.313,0.688,-0.625,,,,,
1_S10,10/05/2023,14:00:08.400,0.313,0.750,-0.625,,,,,
1_S10,10/05/2023,14:00:08.500,0.438,0.938,-0.563,-316.5,-778.5,-223.5,,
1_S10,10/05/2023,14:00:08.600,0.375,0.875,-0.625,,,,,
1_S10,10/05/2023,14:00:08.700,0.250,0.875,-0.625,,,,,
1_S10,10/05/2023,14:00:08.800,0.188,0.938,-0.625,,,,,
1_S10,10/05/2023,14:00:08.900,0.125,0.750,-0.750,,,,,
1_S10,10/05/2023,14:00:09.000,0.125,0.438,-0.625,-256.5,-754.5,-240.0,,
1_S10,10/05/2023,14:00:09.100,0.063,0.688,-0.875,,,,,
1_S10,10/05/2023,14:00:09.200,0.063,0.563,-0.938,,,,,
1_S10,10/05/2023,14:00:09.300,-0.063,0.563,-0.875,,,,,
1_S10,10/05/2023,14:00:09.400,-0.125,0.500,-0.875,,,,,
1_S10,10/05/2023,14:00:09.500,-0.250,0.500,-0.875,-184.5,-705.0,-261.0,,
1_S10,10/05/2023,14:00:09.600,-0.438,0.438,-0.813,,,,,
1_S10,10/05/2023,14:00:09.700,-0.563,0.375,-0.750,,,,,
1_S10,10/05/2023,14:00:09.800,-0.625,0.375,-0.750,,,,,
1_S10,10/05/2023,14:00:09.900,-0.688,0.375,-0.688,,,,,
1_S10,10/05/2023,14:00:10.000,-0.813,0.250,-0.500,-96.0,-631.5,-375.0,24,
1_S10,10/05/2023,14:00:10.100,-0.875,0.375,-0.375,,,,,
1_S10,10/05/2023,14:00:10.200,-0.875,0.438,-0.313,,,,,
1_S10,10/05/2023,14:00:10.300,-0.875,0.375,-0.313,,,,,
1_S10,10/05/2023,14:00:10.400,-1.000,0.375,-0.313,,,,,
1_S10,10/05/2023,14:00:10.500,-1.000,0.250,-0.188,-76.5,-622.5,-550.5,,
1_S10,10/05/2023,14:00:10.600,-1.000,0.313,0.063,,,,,
1_S10,10/05/2023,14:00:10.700,-1.000,0.250,0.000,,,,,
1_S10,10/05/2023,14:00:10.800,-1.000,0.125,0.063,,,,,
1_S10,10/05/2023,14:00:10.900,-1.000,0.188,0.125,,,,,
1_S10,10/05/2023,14:00:11.000,-1.063,0.125,0.125,-135.0,-589.5,-676.5,,
1_S10,10/05/2023,14:00:11.100,-1.000,0.063,0.188,,,,,
1_S10,10/05/2023,14:00:11.200,-0.938,0.063,0.375,,,,,
1_S10,10/05/2023,14:00:11.300,-0.938,0.063,0.375,,,,,
1_S10,10/05/2023,14:00:11.400,-0.688,0.000,0.688,,,,,
1_S10,10/05/2023,14:00:11.500,-0.625,0.063,0.813,-339.0,-648.0,-733.5,,
1_S10,10/05/2023,14:00:11.600,-0.688,0.000,0.750,,,,,
1_S10,10/05/2023,14:00:11.700,-0.563,0.000,0.875,,,,,
1_S10,10/05/2023,14:00:11.800,-0.500,0.000,0.875,,,,,
1_S10,10/05/2023,14:00:11.900,-0.438,-0.063,0.875,,,,,
1_S10,10/05/2023,14:00:12.000,-0.438,0.000,0.875,-463.5,-657.0,-736.5,,
1_S10,10/05/2023,14:00:12.100,-0.306,-0.125,0.938,,,,,
1_S10,10/05/2023,14:00:12.200,-0.250,-0.113,0.950,,,,,
1_S10,10/05/2023,14:00:12.300,-0.194,-0.044,1.000,,,,,
1_S10,10/05/2023,14:00:12.400,-0.063,0.000,1.000,,,,,
1_S10,10/05/2023,14:00:12.500,-0.063,0.000,0.969,-702.0,-564.0,-691.5,,
1_S10,10/05/2023,14:00:12.600,-0.025,-0.075,1.013,,,,,
1_S10,10/05/2023,14:00:12.700,0.000,-0.125,1.019,,,,,
1_S10,10/05/2023,14:00:12.800,0.000,-0.125,0.950,,,,,
1_S10,10/05/2023,14:00:12.900,0.063,-0.125,1.000,,,,,
1_S10,10/05/2023,14:00:13.000,0.063,0.063,0.938,-745.5,-519.0,-657.0,,
1_S10,10/05/2023,14:00:13.100,0.375,0.063,1.000,,,,,
1_S10,10/05/2023,14:00:13.200,0.313,0.000,0.938,,,,,
1_S10,10/05/2023,14:00:13.300,0.438,0.000,0.875,,,,,
1_S10,10/05/2023,14:00:13.400,0.563,-0.125,0.813,,,,,
1_S10,10/05/2023,14:00:13.500,0.688,0.063,0.688,-846.0,-555.0,-477.0,,
1_S10,10/05/2023,14:00:13.600,0.750,-0.063,0.625,,,,,
1_S10,10/05/2023,14:00:13.700,0.750,0.063,0.563,,,,,
1_S10,10/05/2023,14:00:13.800,0.750,0.125,0.438,,,,,
1_S10,10/05/2023,14:00:13.900,0.938,0.125,0.438,,,,,
1_S10,10/05/2023,14:00:14.000,0.875,0.063,0.250,-861.0,-567.0,-286.5,,
1_S10,10/05/2023,14:00:14.100,0.875,0.188,0.188,,,,,
1_S10,10/05/2023,14:00:14.200,0.938,0.125,0.063,,,,,
1_S10,10/05/2023,14:00:14.300,1.000,0.063,-0.125,,,,,
1_S10,10/05/2023,14:00:14.400,0.938,0.125,-0.125,,,,,
1_S10,10/05/2023,14:00:14.500,0.938,0.188,-0.125,-663.0,-621.0,-109.5,,
1_S10,10/05/2023,14:00:14.600,0.875,0.125,-0.250,,,,,
1_S10,10/05/2023,14:00:14.700,0.875,0.125,-0.313,,,,,
1_S10,10/05/2023,14:00:14.800,0.875,0.125,-0.500,,,,,
1_S10,10/05/2023,14:00:14.900,0.813,0.188,-0.500,,,,,
1_S10,10/05/2023,14:00:15.000,0.625,0.125,-0.750,-463.5,-622.5,-18.0,24,
1_S10,10/05/2023,14:00:15.100,0.500,0.125,-0.813,,,,,
1_S10,10/05/2023,14:00:15.200,0.375,0.125,-0.875,,,,,
1_S10,10/05/2023,14:00:15.300,0.188,0.063,-1.000,,,,,
1_S10,10/05/2023,14:00:15.400,0.063,0.000,-1.000,,,,,
1_S10,10/05/2023,14:00:15.500,-0.125,0.000,-0.875,-174.0,-487.5,-96.0,,
1_S10,10/05/2023,14:00:15.600,-0.250,0.063,-1.000,,,,,
1_S10,10/05/2023,14:00:15.700,-0.250,0.125,-1.063,,,,,
1_S10,10/05/2023,14:00:15.800,-0.375,0.125,-0.938,,,,,
1_S10,10/05/2023,14:00:15.900,-0.313,0.125,-1.000,,,,,
1_S10,10/05/2023,14:00:16.000,-0.500,0.125,-1.125,-79.5,-499.5,-198.0,,
1_S10,10/05/2023,14:00:16.100,-0.563,0.250,-0.813,,,,,
1_S10,10/05/2023,14:00:16.200,-0.688,0.313,-0.688,,,,,
1_S10,10/05/2023,14:00:16.300,-0.813,0.250,-0.625,,,,,
1_S10,10/05/2023,14:00:16.400,-0.938,0.188,-0.438,,,,,
1_S10,10/05/2023,14:00:16.500,-1.000,0.188,-0.188,-58.5,-481.5,-537.0,,
1_S10,10/05/2023,14:00:16.600,-1.000,0.188,0.000,,,,,
1_S10,10/05/2023,14:00:16.700,-1.000,0.125,0.188,,,,,
1_S10,10/05/2023,14:00:16.800,-0.938,0.125,0.313,,,,,
1_S10,10/05/2023,14:00:16.900,-0.875,0.063,0.438,,,,,
1_S10,10/05/2023,14:00:17.000,-0.938,0.063,0.500,-250.5,-414.0,-721.5,,
1_S10,10/05/2023,14:00:17.100,-0.807,0.000,0.631,,,,,
1_S10,10/05/2023,14:00:17.200,-0.738,-0.025,0.700,,,,,
1_S10,10/05/2023,14:00:17.300,-0.669,-0.106,0.769,,,,,
1_S10,10/05/2023,14:00:17.400,-0.600,-0.063,0.838,,,,,
1_S10,10/05/2023,14:00:17.500,-0.531,-0.094,0.875,-462.0,-390.0,-777.0,,
1_S10,10/05/2023,14:00:17.600,-0.425,-0.125,0.875,,,,,
1_S10,10/05/2023,14:00:17.700,-0.244,-0.125,0.919,,,,,
1_S10,10/05/2023,14:00:17.800,-0.088,-0.125,0.988,,,,,
1_S10,10/05/2023,14:00:17.900,0.125,-0.125,0.938,,,,,
1_S10,10/05/2023,14:00:18.000,0.250,-0.125,0.938,-708.0,-352.5,-630.0,,
1_S10,10/05/2023,14:00:18.100,0.313,0.125,0.938,,,,,
1_S10,10/05/2023,14:00:18.200,0.375,0.125,0.938,,,,,
1_S10,10/05/2023,14:00:18.300,0.438,0.188,0.813,,,,,
1_S10,10/05/2023,14:00:18.400,0.625,0.313,0.750,,,,,
1_S10,10/05/2023,14:00:18.500,0.625,0.375,0.750,-772.5,-489.0,-502.5,,
1_S10,10/05/2023,14:00:18.600,0.563,0.500,0.625,,,,,
1_S10,10/05/2023,14:00:18.700,0.625,0.563,0.500,,,,,
1_S10,10/05/2023,14:00:18.800,0.750,0.563,0.375,,,,,
1_S10,10/05/2023,14:00:18.900,0.688,0.625,0.188,,,,,
1_S10,10/05/2023,14:00:19.000,0.750,0.750,0.125,-792.0,-553.5,-352.5,,
1_S10,10/05/2023,14:00:19.100,0.750,0.875,0.125,,,,,
1_S10,10/05/2023,14:00:19.200,0.688,0.750,0.063,,,,,
1_S10,10/05/2023,14:00:19.300,0.625,0.813,0.188,,,,,
1_S10,10/05/2023,14:00:19.400,0.625,0.813,0.125,,,,,
1_S10,10/05/2023,14:00:19.500,0.563,0.813,0.000,-802.5,-603.0,-286.5,,
1_S10,10/05/2023,14:00:19.600,0.563,0.938,0.000,,,,,
1_S10,10/05/2023,14:00:19.700,0.500,0.875,-0.063,,,,,
1_S10,10/05/2023,14:00:19.800,0.500,0.938,-0.125,,,,,
1_S10,10/05/2023,14:00:19.900,0.375,0.938,-0.125,,,,,
1_S10,10/05/2023,14:00:20.000,0.250,1.000,-0.250,-739.5,-681.0,-180.0,24,
1_S10,10/05/2023,14:00:20.100,0.188,1.063,-0.250,,,,,
1_S10,10/05/2023,14:00:20.200,0.188,1.000,-0.375,,,,,
1_S10,10/05/2023,14:00:20.300,0.125,1.000,-0.250,,,,,
1_S10,10/05/2023,14:00:20.400,0.188,0.938,-0.375,,,,,
1_S10,10/05/2023,14:00:20.500,0.063,0.938,-0.500,-514.5,-631.5,-42.0,,
1_S10,10/05/2023,14:00:20.600,0.063,0.875,-0.563,,,,,
1_S10,10/05/2023,14:00:20.700,0.000,0.875,-0.625,,,,,
1_S10,10/05/2023,14:00:20.800,0.188,0.813,-0.750,,,,,
1_S10,10/05/2023,14:00:20.900,-0.063,0.750,-0.813,,,,,
1_S10,10/05/2023,14:00:21.000,-0.063,0.750,-0.813,-415.5,-514.5,-7.5,,
1_S10,10/05/2023,14:00:21.100,-0.125,0.688,-0.813,,,,,
1_S10,10/05/2023,14:00:21.200,-0.188,0.500,-0.875,,,,,
1_S10,10/05/2023,14:00:21.300,-0.250,0.438,-0.875,,,,,
1_S10,10/05/2023,14:00:21.400,-0.250,0.438,-0.875,,,,,
1_S10,10/05/2023,14:00:21.500,-0.438,0.438,-1.000,-223.5,-444.0,-111.0,,
1_S10,10/05/2023,14:00:21.600,-0.438,0.375,-0.750,,,,,
1_S10,10/05/2023,14:00:21.700,-0.813,0.313,-0.625,,,,,
1_S10,10/05/2023,14:00:21.800,-1.000,0.375,-0.438,,,,,
1_S10,10/05/2023,14:00:21.900,-0.938,0.250,-0.375,,,,,
1_S10,10/05/2023,14:00:22.000,-1.000,0.375,-0.125,-60.0,-375.0,-387.0,,
1_S10,10/05/2023,14:00:22.100,-0.982,0.375,-0.100,,,,,
1_S10,10/05/2023,14:00:22.200,-0.838,0.400,0.125,,,,,
1_S10,10/05/2023,14:00:22.300,-0.938,0.481,0.144,,,,,
1_S10,10/05/2023,14:00:22.400,-0.913,0.463,0.213,,,,,
1_S10,10/05/2023,14:00:22.500,-0.844,0.531,0.313,-46.5,-481.5,-549.0,,
1_S10,10/05/2023,14:00:22.600,-0.775,0.525,0.525,,,,,
1_S10,10/05/2023,14:00:22.700,-0.750,0.631,0.888,,,,,
1_S10,10/05/2023,14:00:22.800,-0.600,0.488,0.900,,,,,
1_S10,10/05/2023,14:00:22.900,-0.188,0.063,1.063,,,,,
1_S10,10/05/2023,14:00:23.000,0.000,0.125,1.063,-223.5,-403.5,-682.5,,
1_S10,10/05/2023,14:00:23.100,0.188,0.063,1.063,,,,,
1_S10,10/05/2023,14:00:23.200,0.188,0.000,0.938,,,,,
1_S10,10/05/2023,14:00:23.300,0.250,0.000,1.000,,,,,
1_S10,10/05/2023,14:00:23.400,0.375,0.063,1.063,,,,,
1_S10,10/05/2023,14:00:23.500,0.438,0.063,0.938,-325.5,-387.0,-703.5,,
1_S10,10/05/2023,14:00:23.600,0.375,0.125,1.000,,,,,
1_S10,10/05/2023,14:00:23.700,0.250,0.125,1.000,,,,,
1_S10,10/05/2023,14:00:23.800,-0.125,0.250,1.063,,,,,
1_S10,10/05/2023,14:00:23.900,0.313,0.500,1.000,,,,,
1_S10,10/05/2023,14:00:24.000,0.375,0.438,0.875,-388.5,-490.5,-739.5,,
1_S10,10/05/2023,14:00:24.100,0.500,0.500,0.813,,,,,
1_S10,10/05/2023,14:00:24.200,0.625,0.375,0.688,,,,,
1_S10,10/05/2023,14:00:24.300,0.813,0.438,0.500,,,,,
1_S10,10/05/2023,14:00:24.400,0.750,0.438,0.563,,,,,
1_S10,10/05/2023,14:00:24.500,0.875,0.375,0.313,-618.0,-577.5,-696.0,,
1_S10,10/05/2023,14:00:24.600,0.813,0.688,0.125,,,,,
1_S10,10/05/2023,14:00:24.700,0.688,0.625,-0.125,,,,,
1_S10,10/05/2023,14:00:24.800,0.750,0.563,-0.250,,,,,
1_S10,10/05/2023,14:00:24.900,0.750,0.563,-0.313,,,,,
1_S10,10/05/2023,14:00:25.000,0.688,0.625,-0.375,-804.0,-637.5,-466.5,24,
1_S10,10/05/2023,14:00:25.100,0.625,0.438,-0.563,,,,,
1_S10,10/05/2023,14:00:25.200,0.500,0.750,-0.563,,,,,
1_S10,10/05/2023,14:00:25.300,0.438,0.625,-0.625,,,,,
1_S10,10/05/2023,14:00:25.400,0.250,0.750,-0.688,,,,,
1_S10,10/05/2023,14:00:25.500,0.188,0.750,-0.688,-738.0,-651.0,-207.0,,
1_S10,10/05/2023,14:00:25.600,0.125,0.625,-0.750,,,,,
1_S10,10/05/2023,14:00:25.700,0.250,0.563,-0.813,,,,,
1_S10,10/05/2023,14:00:25.800,0.063,0.625,-0.813,,,,,
1_S10,10/05/2023,14:00:25.900,0.000,0.750,-0.813,,,,,
1_S10,10/05/2023,14:00:26.000,-0.188,0.875,-0.813,-624.0,-628.5,-106.5,,
1_S10,10/05/2023,14:00:26.100,-0.138,0.813,-0.750,,,,,
1_S10,10/05/2023,14:00:26.200,-0.288,0.813,-0.738,,,,,
1_S10,10/05/2023,14:00:26.300,-0.475,0.775,-0.725,,,,,
1_S10,10/05/2023,14:00:26.400,-0.638,0.663,-0.713,,,,,
1_S10,10/05/2023,14:00:26.500,-0.750,0.656,-0.406,-387.0,-726.0,-42.0,,
1_S10,10/05/2023,14:00:26.600,-0.788,0.688,-0.213,,,,,
1_S10,10/05/2023,14:00:26.700,-0.813,0.644,-0.144,,,,,
1_S10,10/05/2023,14:00:26.800,-0.813,0.725,0.125,,,,,
1_S10,10/05/2023,14:00:26.900,-0.625,0.625,0.375,,,,,
1_S10,10/05/2023,14:00:27.000,-0.750,0.625,0.500,-198.0,-849.0,-271.5,,
1_S10,10/05/2023,14:00:27.100,-0.688,0.563,0.688,,,,,
1_S10,10/05/2023,14:00:27.200,-0.438,0.438,0.875,,,,,
1_S10,10/05/2023,14:00:27.300,-0.438,0.438,0.813,,,,,
1_S10,10/05/2023,14:00:27.400,-0.375,0.313,0.875,,,,,
1_S10,10/05/2023,14:00:27.500,-0.188,0.375,0.938,-199.5,-822.0,-579.0,,
1_S10,10/05/2023,14:00:27.600,-0.188,0.313,1.000,,,,,
1_S10,10/05/2023,14:00:27.700,-0.188,0.188,1.000,,,,,
1_S10,10/05/2023,14:00:27.800,-0.188,0.188,0.938,,,,,
1_S10,10/05/2023,14:00:27.900,-0.063,0.188,1.000,,,,,
1_S10,10/05/2023,14:00:28.000,-0.063,0.125,1.000,-235.5,-687.0,-714.0,,
1_S10,10/05/2023,14:00:28.100,0.000,0.125,1.000,,,,,
1_S10,10/05/2023,14:00:28.200,0.000,0.125,1.000,,,,,
1_S10,10/05/2023,14:00:28.300,0.000,0.063,1.063,,,,,
1_S10,10/05/2023,14:00:28.400,0.125,0.063,0.938,,,,,
1_S10,10/05/2023,14:00:28.500,0.250,0.000,0.938,-286.5,-625.5,-811.5,,
1_S10,10/05/2023,14:00:28.600,-0.063,0.125,1.063,,,,,
1_S10,10/05/2023,14:00:28.700,0.375,0.125,1.000,,,,,
1_S10,10/05/2023,14:00:28.800,0.750,-0.125,0.688,,,,,
1_S10,10/05/2023,14:00:28.900,0.500,-0.125,1.438,,,,,
1_S10,10/05/2023,14:00:29.000,0.688,-0.063,0.563,-508.5,-586.5,-823.5,,
1_S10,10/05/2023,14:00:29.100,0.625,-0.063,0.563,,,,,
1_S10,10/05/2023,14:00:29.200,0.750,-0.063,0.500,,,,,
1_S10,10/05/2023,14:00:29.300,0.813,-0.063,0.125,,,,,
1_S10,10/05/2023,14:00:29.400,0.875,-0.250,0.063,,,,,
1_S10,10/05/2023,14:00:29.500,0.938,-0.188,-0.125,-832.5,-511.5,-603.0,,
1_S10,10/05/2023,14:00:29.600,0.813,-0.250,-0.188,,,,,
1_S10,10/05/2023,14:00:29.700,0.875,-0.313,-0.313,,,,,
1_S10,10/05/2023,14:00:29.800,0.875,-0.188,-0.313,,,,,
1_S10,10/05/2023,14:00:29.900,0.813,-0.250,-0.313,,,,,
1_S10,10/05/2023,14:00:30.000,0.938,0.000,-0.500,-889.5,-481.5,-454.5,24,
1_S10,10/05/2023,14:00:30.100,0.750,-0.438,0.125,,,,,
1_S10,10/05/2023,14:00:30.200,0.375,0.813,-0.500,,,,,
1_S10,10/05/2023,14:00:30.300,0.438,0.813,-0.375,,,,,
1_S10,10/05/2023,14:00:30.400,0.438,0.813,-0.375,,,,,
1_S10,10/05/2023,14:00:30.500,0.375,0.938,-0.563,-766.5,-874.5,-409.5,,
1_S10,10/05/2023,14:00:30.600,0.438,0.813,-0.500,,,,,
1_S10,10/05/2023,14:00:30.700,0.188,0.563,-0.750,,,,,
1_S10,10/05/2023,14:00:30.800,0.188,0.563,-1.063,,,,,
1_S10,10/05/2023,14:00:30.900,0.125,0.438,-0.875,,,,,
1_S10,10/05/2023,14:00:31.000,-0.188,0.375,-0.938,-669.0,-663.0,-106.5,,
1_S10,10/05/2023,14:00:31.100,-0.513,0.250,-0.994,,,,,
1_S10,10/05/2023,14:00:31.200,-0.613,0.238,-0.888,,,,,
1_S10,10/05/2023,14:00:31.300,-0.619,0.206,-0.725,,,,,
1_S10,10/05/2023,14:00:31.400,-0.800,0.275,-0.713,,,,,
1_S10,10/05/2023,14:00:31.500,-0.907,0.313,-0.500,-343.5,-666.0,-43.5,,
1_S10,10/05/2023,14:00:31.600,-0.975,0.238,-0.438,,,,,
1_S10,10/05/2023,14:00:31.700,-1.000,0.231,-0.306,,,,,
1_S10,10/05/2023,14:00:31.800,-1.050,0.300,0.000,,,,,
1_S10,10/05/2023,14:00:31.900,-1.063,0.250,0.125,,,,,
1_S10,10/05/2023,14:00:32.000,-1.000,0.188,0.250,-102.0,-727.5,-262.5,,
1_S10,10/05/2023,14:00:32.100,-1.000,0.250,0.375,,,,,
1_S10,10/05/2023,14:00:32.200,-0.688,0.063,0.625,,,,,
1_S10,10/05/2023,14:00:32.300,-0.750,0.125,0.625,,,,,
1_S10,10/05/2023,14:00:32.400,-0.688,0.188,0.750,,,,,
1_S10,10/05/2023,14:00:32.500,-0.313,-0.125,0.563,-49.5,-754.5,-594.0,,
1_S10,10/05/2023,14:00:32.600,-0.438,0.125,1.000,,,,,
1_S10,10/05/2023,14:00:32.700,-0.500,0.125,0.875,,,,,
1_S10,10/05/2023,14:00:32.800,-0.500,0.063,0.750,,,,,
1_S10,10/05/2023,14:00:32.900,-0.375,0.063,0.938,,,,,
1_S10,10/05/2023,14:00:33.000,-0.500,0.125,0.875,-186.0,-784.5,-660.0,,
1_S10,10/05/2023,14:00:33.100,-0.500,0.125,0.875,,,,,
1_S10,10/05/2023,14:00:33.200,-0.500,0.125,0.875,,,,,
1_S10,10/05/2023,14:00:33.300,-0.563,0.125,0.875,,,,,
1_S10,10/05/2023,14:00:33.400,-0.563,0.063,0.875,,,,,
1_S10,10/05/2023,14:00:33.500,-0.438,0.000,0.938,-283.5,-778.5,-760.5,,
1_S10,10/05/2023,14:00:33.600,-0.438,-0.125,1.000,,,,,
1_S10,10/05/2023,14:00:33.700,-0.375,-0.250,0.938,,,,,
1_S10,10/05/2023,14:00:33.800,-0.188,-0.375,0.750,,,,,
1_S10,10/05/2023,14:00:33.900,-0.500,-0.563,0.688,,,,,
1_S10,10/05/2023,14:00:34.000,-0.125,-0.563,0.625,-387.0,-514.5,-795.0,,
1_S10,10/05/2023,14:00:34.100,-0.313,-0.688,0.563,,,,,
1_S10,10/05/2023,14:00:34.200,-0.125,-0.688,0.625,,,,,
1_S10,10/05/2023,14:00:34.300,-0.125,-0.750,0.500,,,,,
1_S10,10/05/2023,14:00:34.400,-0.125,-0.938,0.250,,,,,
1_S10,10/05/2023,14:00:34.500,-0.125,-0.938,0.250,-427.5,-274.5,-717.0,,
1_S10,10/05/2023,14:00:34.600,-0.063,-1.000,0.188,,,,,
1_S10,10/05/2023,14:00:34.700,-0.125,-0.938,0.125,,,,,
1_S10,10/05/2023,14:00:34.800,0.000,-0.938,-0.125,,,,,
1_S10,10/05/2023,14:00:34.900,-0.063,-1.063,-0.313,,,,,
1_S10,10/05/2023,14:00:35.000,0.063,-0.813,-0.438,-460.5,-130.5,-480.0,24,
1_S10,10/05/2023,14:00:35.100,0.063,-0.750,-0.500,,,,,
1_S10,10/05/2023,14:00:35.200,0.125,-0.875,-0.313,,,,,
1_S10,10/05/2023,14:00:35.300,0.125,-0.688,-0.813,,,,,
1_S10,10/05/2023,14:00:35.400,0.250,-0.625,-0.813,,,,,
1_S10,10/05/2023,14:00:35.500,0.125,-0.625,-0.813,-466.5,-139.5,-339.0,,
1_S10,10/05/2023,14:00:35.600,0.125,-0.563,-0.563,,,,,
1_S10,10/05/2023,14:00:35.700,0.125,-0.500,-0.813,,,,,
1_S10,10/05/2023,14:00:35.800,0.188,-0.313,-0.625,,,,,
1_S10,10/05/2023,14:00:35.900,0.125,-0.250,-0.938,,,,,
1_S10,10/05/2023,14:00:36.000,0.063,-0.063,-1.000,-463.5,-211.5,-159.0,,
1_S10,10/05/2023,14:00:36.100,0.069,0.194,-1.163,,,,,
1_S10,10/05/2023,14:00:36.200,0.100,0.313,-0.938,,,,,
1_S10,10/05/2023,14:00:36.300,-0.019,0.619,-0.863,,,,,
1_S10,10/05/2023,14:00:36.400,-0.088,0.775,-0.663,,,,,
1_S10,10/05/2023,14:00:36.500,-0.125,0.938,-0.375,-424.5,-645.0,-21.0,,
1_S10,10/05/2023,14:00:36.600,-0.125,1.100,-0.125,,,,,
1_S10,10/05/2023,14:00:36.700,-0.125,0.950,0.006,,,,,
1_S10,10/05/2023,14:00:36.800,-0.175,0.775,0.163,,,,,
1_S10,10/05/2023,14:00:36.900,-0.188,0.938,0.500,,,,,
1_S10,10/05/2023,14:00:37.000,-0.125,0.813,0.625,-493.5,-910.5,-393.0,,
1_S10,10/05/2023,14:00:37.100,-0.125,0.750,0.750,,,,,
1_S10,10/05/2023,14:00:37.200,-0.125,0.750,0.813,,,,,
1_S10,10/05/2023,14:00:37.300,0.000,0.625,0.813,,,,,
1_S10,10/05/2023,14:00:37.400,0.000,0.375,1.000,,,,,
1_S10,10/05/2023,14:00:37.500,-0.063,0.250,1.063,-586.5,-829.5,-639.0,,
1_S10,10/05/2023,14:00:37.600,-0.063,0.375,0.875,,,,,
1_S10,10/05/2023,14:00:37.700,0.000,0.250,1.000,,,,,
1_S10,10/05/2023,14:00:37.800,-0.125,0.188,0.875,,,,,
1_S10,10/05/2023,14:00:37.900,-0.063,0.125,1.000,,,,,
1_S10,10/05/2023,14:00:38.000,0.000,0.063,1.063,-612.0,-669.0,-763.5,,
1_S10,10/05/2023,14:00:38.100,-0.188,0.000,0.938,,,,,
1_S10,10/05/2023,14:00:38.200,-0.188,0.000,0.813,,,,,
1_S10,10/05/2023,14:00:38.300,-0.125,-0.125,0.938,,,,,
1_S10,10/05/2023,14:00:38.400,-0.313,-0.063,1.125,,,,,
1_S10,10/05/2023,14:00:38.500,-0.063,-0.188,1.313,-591.0,-588.0,-786.0,,
1_S10,10/05/2023,14:00:38.600,-0.250,-0.125,1.000,,,,,
1_S10,10/05/2023,14:00:38.700,-0.313,-0.438,0.750,,,,,
1_S10,10/05/2023,14:00:38.800,-0.188,-0.438,0.750,,,,,
1_S10,10/05/2023,14:00:38.900,-0.250,-0.563,0.750,,,,,
1_S10,10/05/2023,14:00:39.000,-0.188,-0.500,0.750,-580.5,-432.0,-802.5,,
1_S10,10/05/2023,14:00:39.100,-0.188,-0.563,0.750,,,,,
1_S10,10/05/2023,14:00:39.200,-0.250,-0.625,0.750,,,,,
1_S10,10/05/2023,14:00:39.300,-0.250,-0.688,0.750,,,,,
1_S10,10/05/2023,14:00:39.400,-0.188,-0.688,0.563,,,,,
1_S10,10/05/2023,14:00:39.500,-0.313,-0.688,0.625,-577.5,-321.0,-742.5,,
1_S10,10/05/2023,14:00:39.600,-0.125,-0.875,0.313,,,,,
1_S10,10/05/2023,14:00:39.700,-0.125,-0.938,0.188,,,,,
1_S10,10/05/2023,14:00:39.800,-0.188,-0.938,0.125,,,,,
1_S10,10/05/2023,14:00:39.900,-0.188,-1.000,0.063,,,,,
1_S10,10/05/2023,14:00:40.000,-0.250,-1.063,0.063,-594.0,-186.0,-570.0,24,
1_S10,10/05/2023,14:00:40.100,-0.181,-0.994,-0.131,,,,,
1_S10,10/05/2023,14:00:40.200,-0.088,-0.800,-0.175,,,,,
1_S10,10/05/2023,14:00:40.300,-0.013,-0.456,-0.238,,,,,
1_S10,10/05/2023,14:00:40.400,-0.163,-0.888,-0.450,,,,,
1_S10,10/05/2023,14:00:40.500,-0.156,-0.782,-0.469,-543.0,-127.5,-402.0,,
1_S10,10/05/2023,14:00:40.600,-0.225,-0.750,-0.675,,,,,
1_S10,10/05/2023,14:00:40.700,-0.513,-0.444,-0.531,,,,,
1_S10,10/05/2023,14:00:40.800,-0.275,-0.613,-0.688,,,,,
1_S10,10/05/2023,14:00:40.900,-0.313,-0.563,-0.813,,,,,
1_S10,10/05/2023,14:00:41.000,-0.125,-0.625,-0.875,-541.5,-177.0,-234.0,,
1_S10,10/05/2023,14:00:41.100,-0.188,-0.438,-0.813,,,,,
1_S10,10/05/2023,14:00:41.200,-0.063,-0.438,-0.938,,,,,
1_S10,10/05/2023,14:00:41.300,0.000,-0.438,-1.063,,,,,
1_S10,10/05/2023,14:00:41.400,0.000,-0.438,-1.125,,,,,
1_S10,10/05/2023,14:00:41.500,0.125,-0.313,-0.875,-660.0,-255.0,-186.0,,
1_S10,10/05/2023,14:00:41.600,0.188,-0.188,-1.000,,,,,
1_S10,10/05/2023,14:00:41.700,0.375,-0.250,-1.000,,,,,
1_S10,10/05/2023,14:00:41.800,0.188,0.000,-1.000,,,,,
1_S10,10/05/2023,14:00:41.900,0.313,-0.125,-0.938,,,,,
1_S10,10/05/2023,14:00:42.000,0.438,0.063,-1.125,-751.5,-375.0,-193.5,,
1_S10,10/05/2023,14:00:42.100,0.375,0.125,-0.938,,,,,
1_S10,10/05/2023,14:00:42.200,0.188,0.250,-0.813,,,,,
1_S10,10/05/2023,14:00:42.300,0.250,0.250,-0.875,,,,,
1_S10,10/05/2023,14:00:42.400,0.250,0.438,-1.063,,,,,
1_S10,10/05/2023,14:00:42.500,0.250,0.625,-0.750,-804.0,-508.5,-169.5,,
1_S10,10/05/2023,14:00:42.600,0.250,0.750,-0.750,,,,,
1_S10,10/05/2023,14:00:42.700,0.125,0.875,-0.500,,,,,
1_S10,10/05/2023,14:00:42.800,0.125,0.938,-0.625,,,,,
1_S10,10/05/2023,14:00:42.900,0.125,1.000,-0.313,,,,,
1_S10,10/05/2023,14:00:43.000,0.125,1.125,-0.125,-753.0,-705.0,-235.5,,
1_S10,10/05/2023,14:00:43.100,0.250,1.063,0.125,,,,,
1_S10,10/05/2023,14:00:43.200,0.188,1.000,0.250,,,,,
1_S10,10/05/2023,14:00:43.300,0.063,1.000,0.438,,,,,
1_S10,10/05/2023,14:00:43.400,0.000,0.938,0.500,,,,,
1_S10,10/05/2023,14:00:43.500,0.000,0.875,0.563,-699.0,-840.0,-456.0,,
1_S10,10/05/2023,14:00:43.600,0.000,0.938,0.625,,,,,
1_S10,10/05/2023,14:00:43.700,-0.063,0.750,0.688,,,,,
1_S10,10/05/2023,14:00:43.800,-0.063,0.750,0.563,,,,,
1_S10,10/05/2023,14:00:43.900,0.000,0.750,0.750,,,,,
1_S10,10/05/2023,14:00:44.000,0.125,0.875,0.750,-714.0,-771.0,-558.0,,
1_S10,10/05/2023,14:00:44.100,0.250,0.688,0.813,,,,,
1_S10,10/05/2023,14:00:44.200,0.063,0.688,0.813,,,,,
1_S10,10/05/2023,14:00:44.300,0.125,0.625,0.875,,,,,
1_S10,10/05/2023,14:00:44.400,0.188,0.563,0.875,,,,,
1_S10,10/05/2023,14:00:44.500,0.250,0.375,0.875,-669.0,-763.5,-618.0,,
1_S10,10/05/2023,14:00:44.600,0.625,0.125,1.000,,,,,
1_S10,10/05/2023,14:00:44.700,0.313,0.125,0.938,,,,,
1_S10,10/05/2023,14:00:44.800,0.375,-0.125,0.813,,,,,
1_S10,10/05/2023,14:00:44.900,0.375,-0.125,0.813,,,,,
1_S10,10/05/2023,14:00:45.000,0.375,-0.250,0.938,-813.0,-603.0,-631.5,24,
1_S10,10/05/2023,14:00:45.100,0.319,-0.413,0.606,,,,,
1_S10,10/05/2023,14:00:45.200,0.388,-0.213,0.988,,,,,
1_S10,10/05/2023,14:00:45.300,0.400,-0.406,0.900,,,,,
1_S10,10/05/2023,14:00:45.400,0.213,-0.650,0.738,,,,,
1_S10,10/05/2023,14:00:45.500,0.063,-0.750,0.531,-760.5,-369.0,-627.0,,
1_S10,10/05/2023,14:00:45.600,0.063,-0.925,0.363,,,,,
1_S10,10/05/2023,14:00:45.700,-0.025,-1.000,0.269,,,,,
1_S10,10/05/2023,14:00:45.800,-0.113,-1.000,0.200,,,,,
1_S10,10/05/2023,14:00:45.900,-0.125,-0.875,0.063,,,,,
1_S10,10/05/2023,14:00:46.000,-0.063,-1.125,0.250,-651.0,-129.0,-432.0,,
1_S10,10/05/2023,14:00:46.100,-0.125,-0.938,0.000,,,,,
1_S10,10/05/2023,14:00:46.200,-0.188,-0.938,-0.125,,,,,
1_S10,10/05/2023,14:00:46.300,0.000,-1.000,-0.313,,,,,
1_S10,10/05/2023,14:00:46.400,-0.125,-0.875,-0.563,,,,,
1_S10,10/05/2023,14:00:46.500,-0.063,-0.875,-0.563,-678.0,-192.0,-252.0,,
1_S10,10/05/2023,14:00:46.600,-0.063,-1.000,-0.688,,,,,
1_S10,10/05/2023,14:00:46.700,-0.188,-0.688,-0.500,,,,,
1_S10,10/05/2023,14:00:46.800,-0.250,-0.875,-0.750,,,,,
1_S10,10/05/2023,14:00:46.900,-0.125,-0.813,-0.563,,,,,
1_S10,10/05/2023,14:00:47.000,-0.188,-0.813,-0.500,-646.5,-210.0,-157.5,,
1_S10,10/05/2023,14:00:47.100,0.000,-0.813,-0.563,,,,,
1_S10,10/05/2023,14:00:47.200,0.188,-0.875,-0.875,,,,,
1_S10,10/05/2023,14:00:47.300,0.125,-0.500,-0.750,,,,,
1_S10,10/05/2023,14:00:47.400,0.250,-0.438,-0.875,,,,,
1_S10,10/05/2023,14:00:47.500,0.188,-0.375,-0.938,-732.0,-451.5,-157.5,,
1_S10,10/05/2023,14:00:47.600,0.125,-0.250,-0.875,,,,,
1_S10,10/05/2023,14:00:47.700,0.000,-0.125,-1.000,,,,,
1_S10,10/05/2023,14:00:47.800,0.000,0.000,-1.063,,,,,
1_S10,10/05/2023,14:00:47.900,0.063,0.125,-1.000,,,,,
1_S10,10/05/2023,14:00:48.000,0.063,0.313,-1.000,-702.0,-687.0,-148.5,,
1_S10,10/05/2023,14:00:48.100,0.063,0.438,-0.938,,,,,
1_S10,10/05/2023,14:00:48.200,0.063,0.500,-0.938,,,,,
1_S10,10/05/2023,14:00:48.300,0.063,0.563,-0.813,,,,,
1_S10,10/05/2023,14:00:48.400,0.125,0.750,-0.875,,,,,
1_S10,10/05/2023,14:00:48.500,0.063,0.750,-0.813,-709.5,-841.5,-346.5,,
1_S10,10/05/2023,14:00:48.600,0.188,0.875,-0.500,,,,,
1_S10,10/05/2023,14:00:48.700,0.188,0.938,-0.500,,,,,
1_S10,10/05/2023,14:00:48.800,0.250,1.063,-0.313,,,,,
1_S10,10/05/2023,14:00:48.900,0.063,1.000,-0.125,,,,,
1_S10,10/05/2023,14:00:49.000,0.125,1.000,0.125,-555.0,-793.5,-672.0,,
1_S10,10/05/2023,14:00:49.100,0.125,1.000,0.313,,,,,
1_S10,10/05/2023,14:00:49.200,0.000,0.938,0.188,,,,,
1_S10,10/05/2023,14:00:49.300,0.063,0.938,0.500,,,,,
1_S10,10/05/2023,14:00:49.400,0.063,0.813,0.625,,,,,
1_S10,10/05/2023,14:00:49.500,0.125,0.813,0.688,-522.0,-549.0,-760.5,,
1_S10,10/05/2023,14:00:49.600,0.063,0.750,0.688,,,,,
1_S10,10/05/2023,14:00:49.700,0.125,0.750,0.750,,,,,
1_S10,10/05/2023,14:00:49.800,0.000,0.625,0.750,,,,,
1_S10,10/05/2023,14:00:49.900,0.063,0.438,0.875,,,,,
1_S10,10/05/2023,14:00:50.000,0.000,0.313,0.813,-426.0,-370.5,-780.0,24,
1_S10,10/05/2023,14:00:50.100,0.019,0.313,0.888,,,,,
1_S10,10/05/2023,14:00:50.200,0.175,0.313,0.988,,,,,
1_S10,10/05/2023,14:00:50.300,0.125,0.313,0.938,,,,,
1_S10,10/05/2023,14:00:50.400,0.125,0.288,0.938,,,,,
1_S10,10/05/2023,14:00:50.500,0.094,0.219,0.969,-441.0,-313.5,-718.5,,
1_S10,10/05/2023,14:00:50.600,0.100,0.075,0.963,,,,,
1_S10,10/05/2023,14:00:50.700,0.038,-0.044,0.982,,,,,
1_S10,10/05/2023,14:00:50.800,0.000,-0.113,1.000,,,,,
1_S10,10/05/2023,14:00:50.900,-0.063,-0.250,1.000,,,,,
1_S10,10/05/2023,14:00:51.000,-0.063,-0.375,0.938,-372.0,-187.5,-619.5,,
1_S10,10/05/2023,14:00:51.100,-0.250,-0.250,1.000,,,,,
1_S10,10/05/2023,14:00:51.200,-0.250,-0.688,0.563,,,,,
1_S10,10/05/2023,14:00:51.300,-0.313,-0.625,0.500,,,,,
1_S10,10/05/2023,14:00:51.400,-0.375,-0.750,0.063,,,,,
1_S10,10/05/2023,14:00:51.500,-0.250,-1.000,0.125,-228.0,-202.5,-259.5,,
1_S10,10/05/2023,14:00:51.600,-0.563,-0.813,0.500,,,,,
1_S10,10/05/2023,14:00:51.700,-0.250,-0.750,-0.313,,,,,
1_S10,10/05/2023,14:00:51.800,-0.313,-0.563,-0.688,,,,,
1_S10,10/05/2023,14:00:51.900,-0.438,-0.438,-0.938,,,,,
1_S10,10/05/2023,14:00:52.000,-0.250,-0.188,-0.875,-331.5,-585.0,-4.5,,
1_S10,10/05/2023,14:00:52.100,-0.313,0.000,-1.125,,,,,
1_S10,10/05/2023,14:00:52.200,-0.250,-0.125,-0.875,,,,,
1_S10,10/05/2023,14:00:52.300,-0.313,0.063,-0.938,,,,,
1_S10,10/05/2023,14:00:52.400,0.125,0.125,-1.188,,,,,
1_S10,10/05/2023,14:00:52.500,-0.438,0.375,-0.813,-306.0,-903.0,-174.0,,
1_S10,10/05/2023,14:00:52.600,-0.250,0.250,-0.938,,,,,
1_S10,10/05/2023,14:00:52.700,-0.250,0.313,-0.938,,,,,
1_S10,10/05/2023,14:00:52.800,-0.250,0.688,-0.813,,,,,
1_S10,10/05/2023,14:00:52.900,-0.188,0.813,-0.688,,,,,
1_S10,10/05/2023,14:00:53.000,-0.250,0.813,-0.625,-462.0,-978.0,-367.5,,
1_S10,10/05/2023,14:00:53.100,-0.250,0.938,-0.625,,,,,
1_S10,10/05/2023,14:00:53.200,-0.125,0.938,-0.563,,,,,
1_S10,10/05/2023,14:00:53.300,-0.188,0.875,-0.563,,,,,
1_S10,10/05/2023,14:00:53.400,-0.250,1.125,-0.438,,,,,
1_S10,10/05/2023,14:00:53.500,-0.250,1.188,-0.563,-450.0,-918.0,-529.5,,
1_S10,10/05/2023,14:00:53.600,-0.125,1.063,-0.375,,,,,
1_S10,10/05/2023,14:00:53.700,0.063,1.125,-0.188,,,,,
1_S10,10/05/2023,14:00:53.800,0.063,1.125,0.000,,,,,
1_S10,10/05/2023,14:00:53.900,0.063,1.125,0.063,,,,,
1_S10,10/05/2023,14:00:54.000,0.313,1.250,0.250,-438.0,-733.5,-747.0,,
1_S10,10/05/2023,14:00:54.100,0.250,0.938,0.438,,,,,
1_S10,10/05/2023,14:00:54.200,0.375,0.875,0.625,,,,,
1_S10,10/05/2023,14:00:54.300,0.313,0.625,0.688,,,,,
1_S10,10/05/2023,14:00:54.400,0.375,0.563,0.750,,,,,
1_S10,10/05/2023,14:00:54.500,0.375,0.563,0.813,-387.0,-526.5,-805.5,,
1_S10,10/05/2023,14:00:54.600,0.313,0.375,0.875,,,,,
1_S10,10/05/2023,14:00:54.700,0.313,0.188,0.875,,,,,
1_S10,10/05/2023,14:00:54.800,0.250,0.188,0.875,,,,,
1_S10,10/05/2023,14:00:54.900,0.313,0.125,0.938,,,,,
1_S10,10/05/2023,14:00:55.000,0.375,0.000,1.000,-313.5,-343.5,-763.5,24,
1_S10,10/05/2023,14:00:55.100,0.344,-0.081,0.882,,,,,
1_S10,10/05/2023,14:00:55.200,0.100,-0.263,0.450,,,,,
1_S10,10/05/2023,14:00:55.300,0.269,-0.369,0.750,,,,,
1_S10,10/05/2023,14:00:55.400,0.313,-0.475,0.750,,,,,
1_S10,10/05/2023,14:00:55.500,0.344,-0.500,0.813,-363.0,-174.0,-643.5,,
1_S10,10/05/2023,14:00:55.600,0.375,-0.488,0.725,,,,,
1_S10,10/05/2023,14:00:55.700,0.288,-0.613,0.581,,,,,
1_S10,10/05/2023,14:00:55.800,0.100,-0.838,0.513,,,,,
1_S10,10/05/2023,14:00:55.900,0.125,-0.813,0.438,,,,,
1_S10,10/05/2023,14:00:56.000,0.063,-0.875,0.313,-310.5,-112.5,-382.5,,
1_S10,10/05/2023,14:00:56.100,0.125,-1.000,0.125,,,,,
1_S10,10/05/2023,14:00:56.200,0.188,-0.938,0.250,,,,,
1_S10,10/05/2023,14:00:56.300,0.125,-1.000,0.063,,,,,
1_S10,10/05/2023,14:00:56.400,0.125,-0.938,0.063,,,,,
1_S10,10/05/2023,14:00:56.500,0.125,-0.938,-0.250,-259.5,-141.0,-280.5,,
1_S10,10/05/2023,14:00:56.600,0.063,-0.875,-0.250,,,,,
1_S10,10/05/2023,14:00:56.700,0.188,-0.688,-0.313,,,,,
1_S10,10/05/2023,14:00:56.800,0.000,-0.438,-1.375,,,,,
1_S10,10/05/2023,14:00:56.900,0.125,-0.250,-0.938,,,,,
1_S10,10/05/2023,14:00:57.000,0.000,-0.063,-1.000,-222.0,-492.0,-52.5,,
1_S10,10/05/2023,14:00:57.100,0.000,0.063,-1.125,,,,,
1_S10,10/05/2023,14:00:57.200,0.000,0.250,-1.000,,,,,
1_S10,10/05/2023,14:00:57.300,0.000,0.375,-0.938,,,,,
1_S10,10/05/2023,14:00:57.400,0.000,0.375,-1.000,,,,,
1_S10,10/05/2023,14:00:57.500,-0.063,0.500,-0.938,-88.5,-712.5,-150.0,,
1_S10,10/05/2023,14:00:57.600,-0.063,0.563,-0.938,,,,,
1_S10,10/05/2023,14:00:57.700,-0.063,0.688,-0.750,,,,,
1_S10,10/05/2023,14:00:57.800,0.000,0.750,-0.688,,,,,
1_S10,10/05/2023,14:00:57.900,0.063,0.875,-0.625,,,,,
1_S10,10/05/2023,14:00:58.000,0.000,0.875,-0.625,-100.5,-844.5,-324.0,,
1_S10,10/05/2023,14:00:58.100,0.000,0.938,-0.375,,,,,
1_S10,10/05/2023,14:00:58.200,0.000,1.063,-0.375,,,,,
1_S10,10/05/2023,14:00:58.300,0.063,1.125,-0.125,,,,,
1_S10,10/05/2023,14:00:58.400,-0.063,1.125,-0.125,,,,,
1_S10,10/05/2023,14:00:58.500,0.000,1.125,0.125,-130.5,-856.5,-510.0,,
1_S10,10/05/2023,14:00:58.600,0.063,1.063,0.125,,,,,
1_S10,10/05/2023,14:00:58.700,0.125,1.063,0.125,,,,,
1_S10,10/05/2023,14:00:58.800,0.188,1.000,0.313,,,,,
1_S10,10/05/2023,14:00:58.900,0.313,1.000,0.313,,,,,
1_S10,10/05/2023,14:00:59.000,0.250,0.875,0.375,-222.0,-879.0,-649.5,,
1_S10,10/05/2023,14:00:59.100,0.444,0.869,0.563,,,,,
1_S10,10/05/2023,14:00:59.200,0.488,0.800,0.575,,,,,
1_S10,10/05/2023,14:00:59.300,0.438,0.713,0.625,,,,,
1_S10,10/05/2023,14:00:59.400,0.463,0.625,0.625,,,,,
1_S10,10/05/2023,14:00:59.500,0.469,0.563,0.688,-321.0,-736.5,-757.5,,
1_S10,10/05/2023,14:00:59.600,0.325,0.500,0.788,,,,,
1_S10,10/05/2023,14:00:59.700,0.250,0.500,0.813,,,,,
1_S10,10/05/2023,14:00:59.800,0.250,0.450,0.813,,,,,
1_S10,10/05/2023,14:00:59.900,0.063,0.438,0.875,,,,,
1_S10,10/05/2023,14:01:00.000,0.125,0.313,0.688,-285.0,-388.5,-681.0,24,
1_S10,10/05/2023,14:01:00.100,-0.125,0.313,1.000,,,,,
1_S10,10/05/2023,14:01:00.200,-0.063,0.375,0.813,,,,,
1_S10,10/05/2023,14:01:00.300,-0.063,0.563,1.188,,,,,
1_S10,10/05/2023,14:01:00.400,-0.125,0.375,0.875,,,,,
1_S10,10/05/2023,14:01:00.500,0.063,0.313,1.000,-484.5,-375.0,-760.5,,
1_S10,10/05/2023,14:01:00.600,0.188,0.250,0.938,,,,,
1_S10,10/05/2023,14:01:00.700,0.000,0.313,1.000,,,,,
1_S10,10/05/2023,14:01:00.800,0.125,0.250,1.000,,,,,
1_S10,10/05/2023,14:01:00.900,0.125,0.125,0.938,,,,,
1_S10,10/05/2023,14:01:01.000,-0.250,-0.125,0.750,-465.0,-651.0,-657.0,,
1_S10,10/05/2023,14:01:01.100,-0.125,0.063,1.000,,,,,
1_S10,10/05/2023,14:01:01.200,0.000,-0.625,1.063,,,,,
1_S10,10/05/2023,14:01:01.300,-0.063,-0.063,1.000,,,,,
1_S10,10/05/2023,14:01:01.400,0.000,-0.125,1.000,,,,,
1_S10,10/05/2023,14:01:01.500,0.000,-0.063,1.063,-14046.0,-15123.0,20262.0,,
1_S10,10/05/2023,14:01:01.600,0.063,0.000,1.000,,,,,
1_S10,10/05/2023,14:01:01.700,0.000,-0.125,1.000,,,,,
1_S10,10/05/2023,14:01:01.800,0.063,-0.063,0.938,,,,,
1_S10,10/05/2023,14:01:01.900,0.000,0.000,1.063,,,,,
1_S10,10/05/2023,14:01:02.000,0.063,-0.063,1.000,4735.5,-595.5,708.0,,
1_S10,10/05/2023,14:01:02.100,0.000,-0.063,1.000,,,,,
1_S10,10/05/2023,14:01:02.200,0.000,0.000,1.000,,,,,
1_S10,10/05/2023,14:01:02.300,0.000,0.000,0.938,,,,,
1_S10,10/05/2023,14:01:02.400,0.000,0.000,1.000,,,,,
1_S10,10/05/2023,14:01:02.500,0.063,0.000,1.000,4560.0,-604.5,562.5,,
1_S10,10/05/2023,14:01:02.600,0.063,-0.063,1.000,,,,,
1_S10,10/05/2023,14:01:02.700,0.000,0.000,1.000,,,,,
1_S10,10/05/2023,14:01:02.800,0.063,-0.125,1.000,,,,,
1_S10,10/05/2023,14:01:02.900,0.000,-0.063,1.000,,,,,
1_S10,10/05/2023,14:01:03.000,0.125,0.063,1.063,4504.5,-595.5,561.0,,
1_S10,10/05/2023,14:01:03.100,0.000,-0.063,1.000,,,,,
1_S10,10/05/2023,14:01:03.200,0.000,-0.125,0.938,,,,,
1_S10,10/05/2023,14:01:03.300,-0.063,0.063,1.125,,,,,
1_S10,10/05/2023,14:01:03.400,-0.125,-0.063,1.000,,,,,
1_S10,10/05/2023,14:01:03.500,0.000,-0.125,1.063,72.0,-423.0,514.5,,
1_S10,10/05/2023,14:01:03.600,0.000,-0.125,1.000,,,,,
1_S10,10/05/2023,14:01:03.700,0.000,-0.063,1.000,,,,,
1_S10,10/05/2023,14:01:03.800,0.000,-0.125,1.000,,,,,
1_S10,10/05/2023,14:01:03.900,0.000,-0.063,1.000,,,,,
1_S10,10/05/2023,14:01:03.000,0.000,0.000,0.000,,,,24,Power off command received.
